--
-- PostgreSQL database dump
--

-- Dumped from database version 12.16
-- Dumped by pg_dump version 12.17 (Ubuntu 12.17-0ubuntu0.20.04.1)

SET statement_timeout = 0;
SET lock_timeout = 0;
SET idle_in_transaction_session_timeout = 0;
SET client_encoding = 'UTF8';
SET standard_conforming_strings = on;
SELECT pg_catalog.set_config('search_path', '', false);
SET check_function_bodies = false;
SET xmloption = content;
SET client_min_messages = warning;
SET row_security = off;

SET default_tablespace = '';

SET default_table_access_method = heap;

--
-- Name: CommonPassword; Type: TABLE; Schema: public; Owner: admin123
--

CREATE TABLE public."CommonPassword" (
    id bigint NOT NULL,
    password character varying(750) NOT NULL,
    created_at timestamp with time zone NOT NULL,
    user_id bigint NOT NULL
);


ALTER TABLE public."CommonPassword" OWNER TO admin123;

--
-- Name: CommonPassword_id_seq; Type: SEQUENCE; Schema: public; Owner: admin123
--

ALTER TABLE public."CommonPassword" ALTER COLUMN id ADD GENERATED BY DEFAULT AS IDENTITY (
    SEQUENCE NAME public."CommonPassword_id_seq"
    START WITH 1
    INCREMENT BY 1
    NO MINVALUE
    NO MAXVALUE
    CACHE 1
);


--
-- Name: User; Type: TABLE; Schema: public; Owner: admin123
--

CREATE TABLE public."User" (
    id bigint NOT NULL,
    password character varying(128) NOT NULL,
    last_login timestamp with time zone,
    is_superuser boolean NOT NULL,
    first_name character varying(150) NOT NULL,
    last_name character varying(150) NOT NULL,
    is_staff boolean NOT NULL,
    is_active boolean NOT NULL,
    date_joined timestamp with time zone NOT NULL,
    email character varying(254) NOT NULL,
    expiry_date timestamp with time zone,
    join_date timestamp with time zone NOT NULL
);


ALTER TABLE public."User" OWNER TO admin123;

--
-- Name: UserBasicDetails; Type: TABLE; Schema: public; Owner: admin123
--

CREATE TABLE public."UserBasicDetails" (
    id bigint NOT NULL,
    gender character varying(6),
    date_of_birth timestamp with time zone NOT NULL,
    profile_image character varying(100),
    phone_number character varying(14),
    user_id bigint NOT NULL
);


ALTER TABLE public."UserBasicDetails" OWNER TO admin123;

--
-- Name: UserBasicDetails_id_seq; Type: SEQUENCE; Schema: public; Owner: admin123
--

ALTER TABLE public."UserBasicDetails" ALTER COLUMN id ADD GENERATED BY DEFAULT AS IDENTITY (
    SEQUENCE NAME public."UserBasicDetails_id_seq"
    START WITH 1
    INCREMENT BY 1
    NO MINVALUE
    NO MAXVALUE
    CACHE 1
);


--
-- Name: User_groups; Type: TABLE; Schema: public; Owner: admin123
--

CREATE TABLE public."User_groups" (
    id bigint NOT NULL,
    user_id bigint NOT NULL,
    group_id integer NOT NULL
);


ALTER TABLE public."User_groups" OWNER TO admin123;

--
-- Name: User_groups_id_seq; Type: SEQUENCE; Schema: public; Owner: admin123
--

ALTER TABLE public."User_groups" ALTER COLUMN id ADD GENERATED BY DEFAULT AS IDENTITY (
    SEQUENCE NAME public."User_groups_id_seq"
    START WITH 1
    INCREMENT BY 1
    NO MINVALUE
    NO MAXVALUE
    CACHE 1
);


--
-- Name: User_id_seq; Type: SEQUENCE; Schema: public; Owner: admin123
--

ALTER TABLE public."User" ALTER COLUMN id ADD GENERATED BY DEFAULT AS IDENTITY (
    SEQUENCE NAME public."User_id_seq"
    START WITH 1
    INCREMENT BY 1
    NO MINVALUE
    NO MAXVALUE
    CACHE 1
);


--
-- Name: User_user_permissions; Type: TABLE; Schema: public; Owner: admin123
--

CREATE TABLE public."User_user_permissions" (
    id bigint NOT NULL,
    user_id bigint NOT NULL,
    permission_id integer NOT NULL
);


ALTER TABLE public."User_user_permissions" OWNER TO admin123;

--
-- Name: User_user_permissions_id_seq; Type: SEQUENCE; Schema: public; Owner: admin123
--

ALTER TABLE public."User_user_permissions" ALTER COLUMN id ADD GENERATED BY DEFAULT AS IDENTITY (
    SEQUENCE NAME public."User_user_permissions_id_seq"
    START WITH 1
    INCREMENT BY 1
    NO MINVALUE
    NO MAXVALUE
    CACHE 1
);


--
-- Name: auth_group; Type: TABLE; Schema: public; Owner: admin123
--

CREATE TABLE public.auth_group (
    id integer NOT NULL,
    name character varying(150) NOT NULL
);


ALTER TABLE public.auth_group OWNER TO admin123;

--
-- Name: auth_group_id_seq; Type: SEQUENCE; Schema: public; Owner: admin123
--

ALTER TABLE public.auth_group ALTER COLUMN id ADD GENERATED BY DEFAULT AS IDENTITY (
    SEQUENCE NAME public.auth_group_id_seq
    START WITH 1
    INCREMENT BY 1
    NO MINVALUE
    NO MAXVALUE
    CACHE 1
);


--
-- Name: auth_group_permissions; Type: TABLE; Schema: public; Owner: admin123
--

CREATE TABLE public.auth_group_permissions (
    id bigint NOT NULL,
    group_id integer NOT NULL,
    permission_id integer NOT NULL
);


ALTER TABLE public.auth_group_permissions OWNER TO admin123;

--
-- Name: auth_group_permissions_id_seq; Type: SEQUENCE; Schema: public; Owner: admin123
--

ALTER TABLE public.auth_group_permissions ALTER COLUMN id ADD GENERATED BY DEFAULT AS IDENTITY (
    SEQUENCE NAME public.auth_group_permissions_id_seq
    START WITH 1
    INCREMENT BY 1
    NO MINVALUE
    NO MAXVALUE
    CACHE 1
);


--
-- Name: auth_permission; Type: TABLE; Schema: public; Owner: admin123
--

CREATE TABLE public.auth_permission (
    id integer NOT NULL,
    name character varying(255) NOT NULL,
    content_type_id integer NOT NULL,
    codename character varying(100) NOT NULL
);


ALTER TABLE public.auth_permission OWNER TO admin123;

--
-- Name: auth_permission_id_seq; Type: SEQUENCE; Schema: public; Owner: admin123
--

ALTER TABLE public.auth_permission ALTER COLUMN id ADD GENERATED BY DEFAULT AS IDENTITY (
    SEQUENCE NAME public.auth_permission_id_seq
    START WITH 1
    INCREMENT BY 1
    NO MINVALUE
    NO MAXVALUE
    CACHE 1
);


--
-- Name: authtoken_token; Type: TABLE; Schema: public; Owner: admin123
--

CREATE TABLE public.authtoken_token (
    key character varying(40) NOT NULL,
    created timestamp with time zone NOT NULL,
    user_id bigint NOT NULL
);


ALTER TABLE public.authtoken_token OWNER TO admin123;

--
-- Name: django_admin_log; Type: TABLE; Schema: public; Owner: admin123
--

CREATE TABLE public.django_admin_log (
    id integer NOT NULL,
    action_time timestamp with time zone NOT NULL,
    object_id text,
    object_repr character varying(200) NOT NULL,
    action_flag smallint NOT NULL,
    change_message text NOT NULL,
    content_type_id integer,
    user_id bigint NOT NULL,
    CONSTRAINT django_admin_log_action_flag_check CHECK ((action_flag >= 0))
);


ALTER TABLE public.django_admin_log OWNER TO admin123;

--
-- Name: django_admin_log_id_seq; Type: SEQUENCE; Schema: public; Owner: admin123
--

ALTER TABLE public.django_admin_log ALTER COLUMN id ADD GENERATED BY DEFAULT AS IDENTITY (
    SEQUENCE NAME public.django_admin_log_id_seq
    START WITH 1
    INCREMENT BY 1
    NO MINVALUE
    NO MAXVALUE
    CACHE 1
);


--
-- Name: django_content_type; Type: TABLE; Schema: public; Owner: admin123
--

CREATE TABLE public.django_content_type (
    id integer NOT NULL,
    app_label character varying(100) NOT NULL,
    model character varying(100) NOT NULL
);


ALTER TABLE public.django_content_type OWNER TO admin123;

--
-- Name: django_content_type_id_seq; Type: SEQUENCE; Schema: public; Owner: admin123
--

ALTER TABLE public.django_content_type ALTER COLUMN id ADD GENERATED BY DEFAULT AS IDENTITY (
    SEQUENCE NAME public.django_content_type_id_seq
    START WITH 1
    INCREMENT BY 1
    NO MINVALUE
    NO MAXVALUE
    CACHE 1
);


--
-- Name: django_migrations; Type: TABLE; Schema: public; Owner: admin123
--

CREATE TABLE public.django_migrations (
    id bigint NOT NULL,
    app character varying(255) NOT NULL,
    name character varying(255) NOT NULL,
    applied timestamp with time zone NOT NULL
);


ALTER TABLE public.django_migrations OWNER TO admin123;

--
-- Name: django_migrations_id_seq; Type: SEQUENCE; Schema: public; Owner: admin123
--

ALTER TABLE public.django_migrations ALTER COLUMN id ADD GENERATED BY DEFAULT AS IDENTITY (
    SEQUENCE NAME public.django_migrations_id_seq
    START WITH 1
    INCREMENT BY 1
    NO MINVALUE
    NO MAXVALUE
    CACHE 1
);


--
-- Name: django_session; Type: TABLE; Schema: public; Owner: admin123
--

CREATE TABLE public.django_session (
    session_key character varying(40) NOT NULL,
    session_data text NOT NULL,
    expire_date timestamp with time zone NOT NULL
);


ALTER TABLE public.django_session OWNER TO admin123;

--
-- Name: rules_apiresonse; Type: TABLE; Schema: public; Owner: admin123
--

CREATE TABLE public.rules_apiresonse (
    id bigint NOT NULL,
    response jsonb NOT NULL,
    created_date timestamp with time zone NOT NULL,
    user_id bigint NOT NULL
);


ALTER TABLE public.rules_apiresonse OWNER TO admin123;

--
-- Name: rules_apiresonse_id_seq; Type: SEQUENCE; Schema: public; Owner: admin123
--

ALTER TABLE public.rules_apiresonse ALTER COLUMN id ADD GENERATED BY DEFAULT AS IDENTITY (
    SEQUENCE NAME public.rules_apiresonse_id_seq
    START WITH 1
    INCREMENT BY 1
    NO MINVALUE
    NO MAXVALUE
    CACHE 1
);


--
-- Name: rules_dictionaryvariable; Type: TABLE; Schema: public; Owner: admin123
--

CREATE TABLE public.rules_dictionaryvariable (
    id bigint NOT NULL,
    variable_type character varying(255) NOT NULL,
    variable_name character varying(255) NOT NULL,
    variable_source character varying(255) NOT NULL,
    variable_value character varying(255) NOT NULL,
    variable_required boolean NOT NULL,
    description text,
    created_date timestamp with time zone NOT NULL,
    user_id bigint NOT NULL,
    variable_rule character varying(255),
    variable_display_name character varying(255)
);


ALTER TABLE public.rules_dictionaryvariable OWNER TO admin123;

--
-- Name: rules_dictionaryvariable_id_seq; Type: SEQUENCE; Schema: public; Owner: admin123
--

ALTER TABLE public.rules_dictionaryvariable ALTER COLUMN id ADD GENERATED BY DEFAULT AS IDENTITY (
    SEQUENCE NAME public.rules_dictionaryvariable_id_seq
    START WITH 1
    INCREMENT BY 1
    NO MINVALUE
    NO MAXVALUE
    CACHE 1
);


--
-- Name: rules_totalrequest; Type: TABLE; Schema: public; Owner: admin123
--

CREATE TABLE public.rules_totalrequest (
    id bigint NOT NULL,
    status character varying(10),
    created_date timestamp with time zone NOT NULL,
    user_id bigint NOT NULL
);


ALTER TABLE public.rules_totalrequest OWNER TO admin123;

--
-- Name: rules_totalrequest_id_seq; Type: SEQUENCE; Schema: public; Owner: admin123
--

ALTER TABLE public.rules_totalrequest ALTER COLUMN id ADD GENERATED BY DEFAULT AS IDENTITY (
    SEQUENCE NAME public.rules_totalrequest_id_seq
    START WITH 1
    INCREMENT BY 1
    NO MINVALUE
    NO MAXVALUE
    CACHE 1
);


--
-- Name: rules_variablescorecard; Type: TABLE; Schema: public; Owner: admin123
--

CREATE TABLE public.rules_variablescorecard (
    id bigint NOT NULL,
    variable_name character varying(255) NOT NULL,
    bucket_number integer NOT NULL,
    bucket_label character varying(255) NOT NULL,
    min_val numeric(10,2) NOT NULL,
    max_val numeric(10,2) NOT NULL,
    score numeric(10,2) NOT NULL,
    created_date timestamp with time zone NOT NULL,
    user_id bigint NOT NULL,
    variable_display_name character varying(255)
);


ALTER TABLE public.rules_variablescorecard OWNER TO admin123;

--
-- Name: rules_variablescorecard_id_seq; Type: SEQUENCE; Schema: public; Owner: admin123
--

ALTER TABLE public.rules_variablescorecard ALTER COLUMN id ADD GENERATED BY DEFAULT AS IDENTITY (
    SEQUENCE NAME public.rules_variablescorecard_id_seq
    START WITH 1
    INCREMENT BY 1
    NO MINVALUE
    NO MAXVALUE
    CACHE 1
);


--
-- Data for Name: CommonPassword; Type: TABLE DATA; Schema: public; Owner: admin123
--

COPY public."CommonPassword" (id, password, created_at, user_id) FROM stdin;
1	pbkdf2_sha256$600000$u20MBfKnz49L56a6xDlMFH$ENBGr051017lfSVPe5Ai2UnK8IcMnsNefFU9AJ+IIIw=	2023-07-31 05:12:39.749244+00	1
2	pbkdf2_sha256$600000$kB9hwMQtZSi9peZYWc0HSt$arCVdnf6a7oDpPPPggaV/pG0xKzg/VnFVI4wweextSU=	2023-07-31 05:33:39.092582+00	2
3	pbkdf2_sha256$600000$uGQmK3I1gXUISDtWu7D1Wb$CMFC2UIwQSfXB0isnwzlUWM5D11h+e3OJ8iVwoEBPjY=	2023-11-23 06:39:24.103276+00	1
4	pbkdf2_sha256$600000$Ezfp6hVt6OCWyE40vQdqIS$KE1r7SQKl0wJ6rUryuiUZKQtsumaVWr1NfW3YU6Do2M=	2023-11-24 05:34:33.38657+00	2
5	pbkdf2_sha256$600000$F1KfFlyK2qyuOoSkNqnM4b$nKLo7h6DvzzaXhcEl+r6uF/UxNvoRJtgpjyYFBrXtHg=	2023-11-30 11:59:28.41283+00	3
6	pbkdf2_sha256$600000$JFEpmNCxhGXBNfAVpSMGvP$sdrYacE55OcbdhGMrFjQmQ+KMgdDOLK9F5nJuLEhawU=	2023-11-30 12:45:21.083302+00	4
7	pbkdf2_sha256$600000$JhcBvZfgmD7SoN2KFLSL3S$jDbbqWIMEUyVbujnARwf1ZmV0jX+DerUuSacFDSoy5I=	2023-12-17 08:03:54.391207+00	5
8	pbkdf2_sha256$600000$UWl0iPP8NgjuwETwumTs5i$AuteqHwfE0ZcvNsrMv7Zmm0tgDYDExOVixRJPiw4a0A=	2023-12-17 08:04:56.044313+00	6
\.


--
-- Data for Name: User; Type: TABLE DATA; Schema: public; Owner: admin123
--

COPY public."User" (id, password, last_login, is_superuser, first_name, last_name, is_staff, is_active, date_joined, email, expiry_date, join_date) FROM stdin;
3	pbkdf2_sha256$600000$F1KfFlyK2qyuOoSkNqnM4b$nKLo7h6DvzzaXhcEl+r6uF/UxNvoRJtgpjyYFBrXtHg=	2023-12-15 13:45:04.515362+00	t	backup	user	t	t	2023-11-30 11:59:26+00	aashish@yopmail.com	\N	2023-11-30 11:59:26.975535+00
1	pbkdf2_sha256$600000$KNEed31wBERLzpw0I5YTcP$vnebA9HQSb2IHr71wIvpTjOYWc7lutyNscpPROKKDg0=	2024-01-10 13:06:09.219054+00	t	Aashish	Soni	t	t	2023-11-23 06:39:24+00	aashish.soni@softude.com	\N	2023-07-31 05:12:39.575334+00
5	pbkdf2_sha256$600000$JhcBvZfgmD7SoN2KFLSL3S$jDbbqWIMEUyVbujnARwf1ZmV0jX+DerUuSacFDSoy5I=	\N	f	Airpak	Sposor	f	t	2023-12-17 08:03:53+00	airpaksponsor@yopmail.com	\N	2023-12-17 08:03:53.055391+00
6	pbkdf2_sha256$600000$UWl0iPP8NgjuwETwumTs5i$AuteqHwfE0ZcvNsrMv7Zmm0tgDYDExOVixRJPiw4a0A=	2024-01-10 13:10:08.291869+00	f	Jose	Pluglend	f	t	2023-12-17 08:04:54+00	jose@plugandlend.com	\N	2023-12-17 08:04:54.744513+00
4	pbkdf2_sha256$600000$JFEpmNCxhGXBNfAVpSMGvP$sdrYacE55OcbdhGMrFjQmQ+KMgdDOLK9F5nJuLEhawU=	2023-12-12 13:41:54.385814+00	f	sponsor2	s	f	t	2023-11-30 12:45:19+00	sponsor2@yopmail.com	\N	2023-11-30 12:45:19.679641+00
2	pbkdf2_sha256$600000$e0Ust6w0iudpxHcsMJQM3K$CaqKk1hf/S+otW+cg4H4jaroJ7+JRZoiw0RIpUSy3Ac=	2023-12-12 13:46:10.125506+00	t			t	t	2023-11-24 05:34:33+00	sponsor1@yopmail.com	\N	2023-07-31 05:33:38.914145+00
\.


--
-- Data for Name: UserBasicDetails; Type: TABLE DATA; Schema: public; Owner: admin123
--

COPY public."UserBasicDetails" (id, gender, date_of_birth, profile_image, phone_number, user_id) FROM stdin;
1	Male	2023-07-05 00:00:00+00	user_profile/profile.jpeg	9090909090	1
2	\N	2023-07-31 05:33:39.091566+00	user_profile/user_icon.png	\N	2
3	\N	2023-11-30 11:59:28.393195+00	user_profile/user_icon.png	\N	3
4	\N	2023-11-30 12:45:21.07566+00	user_profile/user_icon.png	\N	4
5	\N	2023-12-17 08:03:54.38057+00	user_profile/user_icon.png	\N	5
6	\N	2023-12-17 08:04:56.036809+00	user_profile/user_icon.png	\N	6
\.


--
-- Data for Name: User_groups; Type: TABLE DATA; Schema: public; Owner: admin123
--

COPY public."User_groups" (id, user_id, group_id) FROM stdin;
1	1	2
2	2	1
\.


--
-- Data for Name: User_user_permissions; Type: TABLE DATA; Schema: public; Owner: admin123
--

COPY public."User_user_permissions" (id, user_id, permission_id) FROM stdin;
\.


--
-- Data for Name: auth_group; Type: TABLE DATA; Schema: public; Owner: admin123
--

COPY public.auth_group (id, name) FROM stdin;
2	SuperAdmin
1	Sponsor
\.


--
-- Data for Name: auth_group_permissions; Type: TABLE DATA; Schema: public; Owner: admin123
--

COPY public.auth_group_permissions (id, group_id, permission_id) FROM stdin;
\.


--
-- Data for Name: auth_permission; Type: TABLE DATA; Schema: public; Owner: admin123
--

COPY public.auth_permission (id, name, content_type_id, codename) FROM stdin;
1	Can add log entry	1	add_logentry
2	Can change log entry	1	change_logentry
3	Can delete log entry	1	delete_logentry
4	Can view log entry	1	view_logentry
5	Can add permission	2	add_permission
6	Can change permission	2	change_permission
7	Can delete permission	2	delete_permission
8	Can view permission	2	view_permission
9	Can add group	3	add_group
10	Can change group	3	change_group
11	Can delete group	3	delete_group
12	Can view group	3	view_group
13	Can add content type	4	add_contenttype
14	Can change content type	4	change_contenttype
15	Can delete content type	4	delete_contenttype
16	Can view content type	4	view_contenttype
17	Can add session	5	add_session
18	Can change session	5	change_session
19	Can delete session	5	delete_session
20	Can view session	5	view_session
21	Can add user	6	add_user
22	Can change user	6	change_user
23	Can delete user	6	delete_user
24	Can view user	6	view_user
25	Can add user basic details	7	add_userbasicdetails
26	Can change user basic details	7	change_userbasicdetails
27	Can delete user basic details	7	delete_userbasicdetails
28	Can view user basic details	7	view_userbasicdetails
29	Can add common password	8	add_commonpassword
30	Can change common password	8	change_commonpassword
31	Can delete common password	8	delete_commonpassword
32	Can view common password	8	view_commonpassword
33	Can add Token	9	add_token
34	Can change Token	9	change_token
35	Can delete Token	9	delete_token
36	Can view Token	9	view_token
37	Can add token	10	add_tokenproxy
38	Can change token	10	change_tokenproxy
39	Can delete token	10	delete_tokenproxy
40	Can view token	10	view_tokenproxy
41	Can add dictionary variable	11	add_dictionaryvariable
42	Can change dictionary variable	11	change_dictionaryvariable
43	Can delete dictionary variable	11	delete_dictionaryvariable
44	Can view dictionary variable	11	view_dictionaryvariable
45	Can add variable scorecard	12	add_variablescorecard
46	Can change variable scorecard	12	change_variablescorecard
47	Can delete variable scorecard	12	delete_variablescorecard
48	Can view variable scorecard	12	view_variablescorecard
49	Can add api resonse	13	add_apiresonse
50	Can change api resonse	13	change_apiresonse
51	Can delete api resonse	13	delete_apiresonse
52	Can view api resonse	13	view_apiresonse
53	Can add total request	14	add_totalrequest
54	Can change total request	14	change_totalrequest
55	Can delete total request	14	delete_totalrequest
56	Can view total request	14	view_totalrequest
\.


--
-- Data for Name: authtoken_token; Type: TABLE DATA; Schema: public; Owner: admin123
--

COPY public.authtoken_token (key, created, user_id) FROM stdin;
4c3b53e441bf8780e8cdf2bddb4ce05ddaf8c86d	2023-07-31 05:12:39.744344+00	1
40a8543f31585995ab7080d21d19441da0c26173	2023-07-31 05:33:39.090242+00	2
8913e9432eef901505773d7598a91fa720e72f08	2023-11-30 11:59:28.381007+00	3
d0861f00d5a95a242d916a02a3f3050640f4da75	2023-11-30 12:45:21.069136+00	4
c97a72e2be2777b1f256442f44e5d412343bd924	2023-12-17 08:03:54.372443+00	5
07323504cae896de192bb5c592f0d3c059224e34	2023-12-17 08:04:56.029997+00	6
\.


--
-- Data for Name: django_admin_log; Type: TABLE DATA; Schema: public; Owner: admin123
--

COPY public.django_admin_log (id, action_time, object_id, object_repr, action_flag, change_message, content_type_id, user_id) FROM stdin;
1	2023-07-31 05:32:12.423922+00	1	Sponcer	1	[{"added": {}}]	3	1
2	2023-07-31 05:32:19.112002+00	2	SuperAdmin	1	[{"added": {}}]	3	1
3	2023-07-31 05:32:26.904947+00	1	aashish.soni@softude.com	2	[{"changed": {"fields": ["Groups"]}}]	6	1
4	2023-07-31 05:33:39.093634+00	2	sponsor1@yopmail.com	1	[{"added": {}}]	6	1
5	2023-07-31 05:34:38.702657+00	1	Sponsor	2	[{"changed": {"fields": ["Name"]}}]	3	1
6	2023-07-31 05:34:49.626253+00	2	sponsor1@yopmail.com	2	[{"changed": {"fields": ["Groups"]}}]	6	1
7	2023-07-31 08:27:51.576877+00	1	documenttype	1	[{"added": {}}]	11	1
8	2023-07-31 08:28:22.167843+00	2	nationality	1	[{"added": {}}]	11	1
9	2023-07-31 08:29:35.349426+00	3	min_months_as_client	1	[{"added": {}}]	11	1
10	2023-07-31 08:31:17.18807+00	4	min_monthly_tpn	1	[{"added": {}}]	11	1
11	2023-07-31 08:31:49.847173+00	5	min_ticket	1	[{"added": {}}]	11	1
12	2023-07-31 08:32:12.162275+00	6	max_days_last_remittance	1	[{"added": {}}]	11	1
13	2023-07-31 08:33:06.258909+00	7	clusters	1	[{"added": {}}]	11	1
14	2023-07-31 08:35:12.254005+00	8	max_dayspastdue	1	[{"added": {}}]	11	1
15	2023-07-31 08:35:43.850366+00	9	min_scorebureau	1	[{"added": {}}]	11	1
16	2023-07-31 08:36:34.523716+00	10	edad_min	1	[{"added": {}}]	11	1
17	2023-07-31 08:36:54.990327+00	11	edad_max	1	[{"added": {}}]	11	1
18	2023-07-31 11:47:05.006894+00	1	documenttype	2	[{"changed": {"fields": ["Variable rule"]}}]	11	1
19	2023-07-31 11:47:20.236806+00	2	nationality	2	[{"changed": {"fields": ["Variable rule"]}}]	11	1
20	2023-07-31 11:48:58.742759+00	3	min_months_as_client	2	[{"changed": {"fields": ["Variable rule"]}}]	11	1
21	2023-07-31 11:50:09.145284+00	4	min_monthly_tpn	2	[{"changed": {"fields": ["Variable rule"]}}]	11	1
22	2023-07-31 11:53:17.882453+00	6	max_days_last_remittance	2	[{"changed": {"fields": ["Variable rule"]}}]	11	1
23	2023-07-31 11:53:53.858744+00	7	clusters	2	[{"changed": {"fields": ["Variable rule"]}}]	11	1
24	2023-07-31 11:54:14.590907+00	8	max_dayspastdue	2	[{"changed": {"fields": ["Variable rule"]}}]	11	1
25	2023-07-31 11:54:32.278419+00	9	min_scorebureau	2	[{"changed": {"fields": ["Variable rule"]}}]	11	1
26	2023-07-31 11:54:59.200548+00	10	edad_min	2	[{"changed": {"fields": ["Variable rule"]}}]	11	1
27	2023-07-31 11:55:10.163663+00	11	edad_max	2	[{"changed": {"fields": ["Variable rule"]}}]	11	1
28	2023-07-31 11:57:25.719794+00	10	edad_min	2	[{"changed": {"fields": ["Variable rule"]}}]	11	1
29	2023-07-31 17:40:23.875765+00	1	transactionmonths	1	[{"added": {}}]	12	1
30	2023-07-31 17:41:09.201768+00	2	transactionmonths	1	[{"added": {}}]	12	1
31	2023-07-31 17:42:00.767317+00	3	transactionmonths	1	[{"added": {}}]	12	1
32	2023-07-31 17:42:40.331183+00	4	transactionmonths	1	[{"added": {}}]	12	1
33	2023-07-31 17:43:13.793+00	5	transactionmonths	1	[{"added": {}}]	12	1
34	2023-07-31 17:44:27.21834+00	6	transactionmonths	1	[{"added": {}}]	12	1
35	2023-07-31 17:45:52.45182+00	7	clientsenioritya	1	[{"added": {}}]	12	1
36	2023-07-31 17:46:30.345089+00	8	clientsenioritya	1	[{"added": {}}]	12	1
37	2023-07-31 17:47:08.015633+00	9	clientsenioritya	1	[{"added": {}}]	12	1
38	2023-07-31 17:47:47.051253+00	10	clientsenioritya	1	[{"added": {}}]	12	1
39	2023-07-31 17:48:28.139297+00	11	clientsenioritya	1	[{"added": {}}]	12	1
40	2023-07-31 17:49:04.12579+00	12	clientsenioritya	1	[{"added": {}}]	12	1
41	2023-07-31 17:49:45.520847+00	13	clientsenioritya	1	[{"added": {}}]	12	1
42	2023-07-31 17:50:24.948562+00	14	clientsenioritya	1	[{"added": {}}]	12	1
43	2023-07-31 17:50:55.868191+00	15	clientsenioritya	1	[{"added": {}}]	12	1
44	2023-07-31 17:51:24.46778+00	6	transactionmonths	2	[{"changed": {"fields": ["Max val"]}}]	12	1
45	2023-08-01 12:46:07.761513+00	16	age	1	[{"added": {}}]	12	1
46	2023-08-01 12:47:16.847982+00	17	age	1	[{"added": {}}]	12	1
47	2023-08-02 06:25:57.556589+00	1	documenttype	2	[]	11	1
48	2023-08-02 06:26:49.051389+00	12	cluster_bureau_passed	1	[{"added": {}}]	11	1
49	2023-08-02 06:27:32.691603+00	13	min_monthly_tpn_bureau	1	[{"added": {}}]	11	1
50	2023-08-02 06:28:02.171056+00	14	min_months_as_client_bureau	1	[{"added": {}}]	11	1
51	2023-08-02 06:28:30.626512+00	15	levelpastdue_f	1	[{"added": {}}]	11	1
52	2023-08-02 07:06:20.705356+00	18	age	1	[{"added": {}}]	12	1
53	2023-08-02 07:06:46.495365+00	19	age	1	[{"added": {}}]	12	1
54	2023-08-02 07:07:36.321263+00	20	age	1	[{"added": {}}]	12	1
55	2023-08-02 07:08:04.34213+00	21	age	1	[{"added": {}}]	12	1
56	2023-08-02 07:08:46.643262+00	22	age	1	[{"added": {}}]	12	1
57	2023-08-02 07:12:02.86231+00	23	scorebureau	1	[{"added": {}}]	12	1
58	2023-08-02 07:16:36.416377+00	24	scorebureau	1	[{"added": {}}]	12	1
59	2023-08-02 07:17:38.14418+00	25	scorebureau	1	[{"added": {}}]	12	1
60	2023-08-02 07:18:20.843838+00	26	scorebureau	1	[{"added": {}}]	12	1
61	2023-08-02 07:18:52.580301+00	27	scorebureau	1	[{"added": {}}]	12	1
62	2023-08-02 07:19:27.492853+00	28	scorebureau	1	[{"added": {}}]	12	1
63	2023-08-02 07:20:39.710768+00	29	scorebureau	1	[{"added": {}}]	12	1
64	2023-08-02 07:21:09.071128+00	30	scorebureau	1	[{"added": {}}]	12	1
65	2023-08-02 07:22:22.943829+00	31	scorebureau	1	[{"added": {}}]	12	1
66	2023-08-02 07:27:00.665194+00	32	cluster	1	[{"added": {}}]	12	1
67	2023-08-02 07:27:35.798122+00	33	cluster	1	[{"added": {}}]	12	1
68	2023-08-02 07:28:10.64575+00	34	cluster	1	[{"added": {}}]	12	1
69	2023-08-02 07:28:37.016688+00	35	cluster	1	[{"added": {}}]	12	1
70	2023-08-02 07:29:09.479656+00	36	cluster	1	[{"added": {}}]	12	1
71	2023-08-02 07:29:44.087767+00	37	cluster	1	[{"added": {}}]	12	1
72	2023-08-02 07:30:16.296862+00	38	cluster	1	[{"added": {}}]	12	1
73	2023-08-02 07:32:54.409042+00	39	scorecredolab	1	[{"added": {}}]	12	1
74	2023-08-02 08:13:20.151952+00	40	scorecredolab	1	[{"added": {}}]	12	1
75	2023-08-02 08:14:11.755926+00	41	scorecredolab	1	[{"added": {}}]	12	1
76	2023-08-02 08:14:48.324141+00	42	scorecredolab	1	[{"added": {}}]	12	1
77	2023-08-02 08:15:18.284965+00	43	scorecredolab	1	[{"added": {}}]	12	1
78	2023-08-02 08:15:51.414306+00	44	scorecredolab	1	[{"added": {}}]	12	1
79	2023-08-02 08:22:37.436042+00	45	remittancerecieved	1	[{"added": {}}]	12	1
80	2023-08-02 08:23:12.215329+00	46	remittancerecieved	1	[{"added": {}}]	12	1
81	2023-08-02 08:23:40.54042+00	47	remittancerecieved	1	[{"added": {}}]	12	1
82	2023-08-02 08:24:20.950907+00	48	remittancerecieved	1	[{"added": {}}]	12	1
83	2023-08-02 08:24:49.199464+00	49	remittancerecieved	1	[{"added": {}}]	12	1
84	2023-08-02 08:25:19.446329+00	50	remittancerecieved	1	[{"added": {}}]	12	1
85	2023-08-02 08:27:11.10274+00	51	remittancerecieved	1	[{"added": {}}]	12	1
86	2023-08-02 08:27:40.918115+00	52	remittancerecieved	1	[{"added": {}}]	12	1
87	2023-08-02 08:58:27.178255+00	53	remittancerecieved	1	[{"added": {}}]	12	1
88	2023-08-03 10:42:42.120104+00	54	remittancerecieved	1	[{"added": {}}]	12	1
89	2023-08-03 10:51:27.585832+00	55	remittancerecieved	1	[{"added": {}}]	12	1
90	2023-08-03 10:52:01.618692+00	56	remittancerecieved	1	[{"added": {}}]	12	1
91	2023-08-03 10:52:44.610445+00	57	remittancerecieved	1	[{"added": {}}]	12	1
92	2023-08-03 10:53:36.631377+00	58	remittancerecieved	1	[{"added": {}}]	12	1
93	2023-08-03 10:54:17.561637+00	59	remittancerecieved	1	[{"added": {}}]	12	1
94	2023-08-03 10:54:51.129864+00	54	remittancerecieved	2	[{"changed": {"fields": ["Bucket number"]}}]	12	1
95	2023-08-03 10:55:45.364697+00	60	clientseniorityc	1	[{"added": {}}]	12	1
96	2023-08-03 10:56:15.838741+00	61	clientseniorityc	1	[{"added": {}}]	12	1
97	2023-08-03 10:58:49.029553+00	62	clientseniorityc	1	[{"added": {}}]	12	1
98	2023-08-03 10:59:48.009163+00	63	clientseniorityc	1	[{"added": {}}]	12	1
99	2023-08-03 11:07:55.602165+00	64	clientseniorityc	1	[{"added": {}}]	12	1
100	2023-08-03 14:23:42.252339+00	65	clientseniorityc	1	[{"added": {}}]	12	1
101	2023-08-03 14:24:31.428974+00	65	clientseniorityc	2	[{"changed": {"fields": ["Bucket number", "Bucket label", "Min val", "Max val", "Score"]}}]	12	1
102	2023-08-04 05:33:18.405119+00	66	remittancesent	1	[{"added": {}}]	12	1
103	2023-08-04 05:33:50.842671+00	67	remittancesent	1	[{"added": {}}]	12	1
104	2023-08-04 05:34:21.207406+00	68	remittancesent	1	[{"added": {}}]	12	1
105	2023-08-04 05:35:01.116592+00	69	remittancesent	1	[{"added": {}}]	12	1
106	2023-08-04 05:35:37.973218+00	70	remittancesent	1	[{"added": {}}]	12	1
107	2023-08-04 05:38:30.311184+00	71	remittancesent	1	[{"added": {}}]	12	1
108	2023-08-04 05:57:47.541159+00	72	remittancesent	1	[{"added": {}}]	12	1
109	2023-08-04 05:58:26.937126+00	73	remittancesent	1	[{"added": {}}]	12	1
110	2023-08-04 05:59:02.469718+00	74	remittancesent	1	[{"added": {}}]	12	1
111	2023-08-04 06:00:25.251248+00	75	remittancesent	1	[{"added": {}}]	12	1
112	2023-08-04 06:01:21.649941+00	76	remittancesent	1	[{"added": {}}]	12	1
113	2023-08-04 06:02:00.5793+00	77	remittancesent	1	[{"added": {}}]	12	1
114	2023-08-04 06:03:16.503161+00	78	remittancesent	1	[{"added": {}}]	12	1
115	2023-08-04 06:04:08.042897+00	79	remittancesent	1	[{"added": {}}]	12	1
116	2023-08-04 06:07:38.54698+00	80	posvisited	1	[{"added": {}}]	12	1
117	2023-08-04 06:08:02.532182+00	81	posvisited	1	[{"added": {}}]	12	1
118	2023-08-04 06:09:14.047604+00	82	posvisited	1	[{"added": {}}]	12	1
119	2023-08-04 06:12:07.468717+00	83	posvisited	1	[{"added": {}}]	12	1
120	2023-08-04 06:13:12.366203+00	84	dayslastremittance	1	[{"added": {}}]	12	1
121	2023-08-04 06:13:42.524396+00	85	dayslastremittance	1	[{"added": {}}]	12	1
122	2023-08-04 06:14:12.1604+00	86	dayslastremittance	1	[{"added": {}}]	12	1
123	2023-08-04 06:14:39.131017+00	87	dayslastremittance	1	[{"added": {}}]	12	1
124	2023-08-04 06:15:10.784096+00	88	dayslastremittance	1	[{"added": {}}]	12	1
125	2023-08-04 06:16:02.409398+00	89	dayslastremittance	1	[{"added": {}}]	12	1
126	2023-08-04 06:18:25.096199+00	90	maritalstatus	1	[{"added": {}}]	12	1
127	2023-08-04 06:18:58.907937+00	91	maritalstatus	1	[{"added": {}}]	12	1
128	2023-08-04 06:19:22.728863+00	92	maritalstatus	1	[{"added": {}}]	12	1
129	2023-08-04 06:23:04.127524+00	93	maritalstatus	1	[{"added": {}}]	12	1
130	2023-08-04 06:23:27.32071+00	94	maritalstatus	1	[{"added": {}}]	12	1
131	2023-08-04 06:24:04.575363+00	95	maritalstatus	1	[{"added": {}}]	12	1
132	2023-08-04 06:24:53.102882+00	96	gender	1	[{"added": {}}]	12	1
133	2023-08-04 06:43:03.719024+00	97	gender	1	[{"added": {}}]	12	1
134	2023-08-04 06:43:42.237258+00	98	gender	1	[{"added": {}}]	12	1
135	2023-11-30 11:59:28.428299+00	3	aashish@yopmail.com	1	[{"added": {}}]	6	1
136	2023-11-30 11:59:50.058752+00	3	aashish@yopmail.com	2	[{"changed": {"fields": ["First name", "Last name", "Staff status", "Superuser status"]}}]	6	1
137	2023-11-30 11:59:50.255679+00	3	aashish@yopmail.com	2	[]	6	1
138	2023-11-30 12:45:21.09055+00	4	sponsor2@yopmail.com	1	[{"added": {}}]	6	3
139	2023-11-30 12:45:37.222877+00	4	sponsor2@yopmail.com	2	[{"changed": {"fields": ["First name", "Last name"]}}]	6	3
140	2023-11-30 12:47:19.386595+00	2	sponsor1@yopmail.com	2	[{"changed": {"fields": ["Active"]}}]	6	3
141	2023-11-30 12:47:33.537887+00	2	sponsor1@yopmail.com	2	[{"changed": {"fields": ["Staff status"]}}]	6	3
142	2023-11-30 13:01:42.331456+00	16	cutoff_value	1	[{"added": {}}]	11	3
143	2023-11-30 13:28:44.423573+00	17	upper_cap_amount	1	[{"added": {}}]	11	3
144	2023-12-05 14:11:05.654005+00	1	aashish.soni@softude.com	2	[{"changed": {"fields": ["password"]}}]	6	3
145	2023-12-12 13:42:43.739187+00	2	sponsor1@yopmail.com	2	[{"changed": {"fields": ["password"]}}]	6	3
146	2023-12-12 13:44:10.42832+00	2	sponsor1@yopmail.com	2	[{"changed": {"fields": ["Active"]}}]	6	3
147	2023-12-12 13:44:57.85783+00	2	sponsor1@yopmail.com	2	[{"changed": {"fields": ["Active"]}}]	6	3
148	2023-12-12 13:45:51.193734+00	2	sponsor1@yopmail.com	2	[{"changed": {"fields": ["Active", "Superuser status"]}}]	6	3
149	2023-12-12 13:53:52.949499+00	1	aashish.soni@softude.com	2	[{"changed": {"fields": ["Active"]}}]	6	2
150	2023-12-15 13:37:04.729115+00	1	aashish.soni@softude.com	2	[{"changed": {"fields": ["Active"]}}]	6	3
151	2023-12-15 13:45:13.145069+00	1	aashish.soni@softude.com	2	[{"changed": {"fields": ["Active"]}}]	6	3
152	2023-12-17 08:03:54.39929+00	5	airpaksponsor@yopmail.com	1	[{"added": {}}]	6	1
153	2023-12-17 08:04:06.937677+00	5	airpaksponsor@yopmail.com	2	[{"changed": {"fields": ["First name", "Last name"]}}]	6	1
154	2023-12-17 08:04:56.051889+00	6	jose@plugandlend.com	1	[{"added": {}}]	6	1
155	2023-12-17 08:05:08.343814+00	6	jose@plugandlend.com	2	[{"changed": {"fields": ["First name", "Last name"]}}]	6	1
156	2023-12-19 07:08:54.826653+00	1	transactionmonths	2	[{"changed": {"fields": ["Variable display name"]}}]	12	1
157	2023-12-19 07:09:19.648285+00	2	transactionmonths	2	[{"changed": {"fields": ["Variable display name"]}}]	12	1
158	2023-12-19 07:09:28.546833+00	3	transactionmonths	2	[{"changed": {"fields": ["Variable display name"]}}]	12	1
159	2023-12-19 07:09:38.783582+00	4	transactionmonths	2	[{"changed": {"fields": ["Variable display name"]}}]	12	1
160	2023-12-19 07:09:47.480631+00	5	transactionmonths	2	[{"changed": {"fields": ["Variable display name"]}}]	12	1
161	2023-12-19 07:09:57.172406+00	6	transactionmonths	2	[{"changed": {"fields": ["Variable display name"]}}]	12	1
162	2023-12-19 07:10:18.713446+00	7	clientsenioritya	2	[{"changed": {"fields": ["Variable display name"]}}]	12	1
163	2023-12-19 07:10:28.055993+00	8	clientsenioritya	2	[{"changed": {"fields": ["Variable display name"]}}]	12	1
164	2023-12-19 07:10:47.137658+00	9	clientsenioritya	2	[{"changed": {"fields": ["Variable display name"]}}]	12	1
165	2023-12-19 07:10:51.086187+00	10	clientsenioritya	2	[{"changed": {"fields": ["Variable display name"]}}]	12	1
166	2023-12-19 07:10:54.841293+00	11	clientsenioritya	2	[{"changed": {"fields": ["Variable display name"]}}]	12	1
167	2023-12-19 07:10:58.82525+00	12	clientsenioritya	2	[{"changed": {"fields": ["Variable display name"]}}]	12	1
168	2023-12-19 07:11:03.656377+00	13	clientsenioritya	2	[{"changed": {"fields": ["Variable display name"]}}]	12	1
169	2023-12-19 07:11:09.52627+00	14	clientsenioritya	2	[{"changed": {"fields": ["Variable display name"]}}]	12	1
170	2023-12-19 07:11:13.829941+00	15	clientsenioritya	2	[{"changed": {"fields": ["Variable display name"]}}]	12	1
171	2023-12-19 07:11:46.778516+00	16	age	2	[{"changed": {"fields": ["Variable display name"]}}]	12	1
172	2023-12-19 07:11:50.693494+00	17	age	2	[{"changed": {"fields": ["Variable display name"]}}]	12	1
173	2023-12-19 07:11:53.650665+00	18	age	2	[{"changed": {"fields": ["Variable display name"]}}]	12	1
174	2023-12-19 07:11:57.280242+00	19	age	2	[{"changed": {"fields": ["Variable display name"]}}]	12	1
175	2023-12-19 07:12:02.415625+00	20	age	2	[{"changed": {"fields": ["Variable display name"]}}]	12	1
176	2023-12-19 07:12:06.265567+00	21	age	2	[{"changed": {"fields": ["Variable display name"]}}]	12	1
177	2023-12-19 07:12:09.274782+00	22	age	2	[{"changed": {"fields": ["Variable display name"]}}]	12	1
178	2023-12-19 07:13:20.226505+00	23	scorebureau	2	[{"changed": {"fields": ["Variable display name"]}}]	12	1
179	2023-12-19 07:13:23.16946+00	24	scorebureau	2	[{"changed": {"fields": ["Variable display name"]}}]	12	1
180	2023-12-19 07:13:28.685884+00	25	scorebureau	2	[{"changed": {"fields": ["Variable display name"]}}]	12	1
181	2023-12-19 07:13:31.515253+00	26	scorebureau	2	[{"changed": {"fields": ["Variable display name"]}}]	12	1
182	2023-12-19 07:13:35.893047+00	27	scorebureau	2	[{"changed": {"fields": ["Variable display name"]}}]	12	1
183	2023-12-19 07:13:38.738311+00	28	scorebureau	2	[{"changed": {"fields": ["Variable display name"]}}]	12	1
184	2023-12-19 07:13:42.338535+00	29	scorebureau	2	[{"changed": {"fields": ["Variable display name"]}}]	12	1
185	2023-12-19 07:13:47.734042+00	30	scorebureau	2	[{"changed": {"fields": ["Variable display name"]}}]	12	1
186	2023-12-19 07:13:54.144565+00	31	scorebureau	2	[{"changed": {"fields": ["Variable display name"]}}]	12	1
187	2023-12-19 07:14:25.292101+00	32	cluster	2	[{"changed": {"fields": ["Variable display name"]}}]	12	1
188	2023-12-19 07:14:28.336309+00	33	cluster	2	[{"changed": {"fields": ["Variable display name"]}}]	12	1
189	2023-12-19 07:14:32.455615+00	34	cluster	2	[{"changed": {"fields": ["Variable display name"]}}]	12	1
190	2023-12-19 07:14:36.109818+00	35	cluster	2	[{"changed": {"fields": ["Variable display name"]}}]	12	1
191	2023-12-19 07:14:38.860166+00	36	cluster	2	[{"changed": {"fields": ["Variable display name"]}}]	12	1
192	2023-12-19 07:14:42.491986+00	37	cluster	2	[{"changed": {"fields": ["Variable display name"]}}]	12	1
193	2023-12-19 07:16:07.795773+00	38	cluster	2	[{"changed": {"fields": ["Variable display name"]}}]	12	1
194	2023-12-19 09:07:41.127592+00	39	scorecredolab	2	[{"changed": {"fields": ["Variable display name"]}}]	12	1
195	2023-12-19 09:07:45.658481+00	40	scorecredolab	2	[{"changed": {"fields": ["Variable display name"]}}]	12	1
196	2023-12-19 09:07:50.230922+00	41	scorecredolab	2	[{"changed": {"fields": ["Variable display name"]}}]	12	1
197	2023-12-19 09:07:55.012631+00	42	scorecredolab	2	[{"changed": {"fields": ["Variable display name"]}}]	12	1
198	2023-12-19 09:07:59.324702+00	43	scorecredolab	2	[{"changed": {"fields": ["Variable display name"]}}]	12	1
199	2023-12-19 09:08:03.486617+00	44	scorecredolab	2	[{"changed": {"fields": ["Variable display name"]}}]	12	1
200	2023-12-19 09:08:43.478269+00	45	remittancerecieved	2	[{"changed": {"fields": ["Variable display name"]}}]	12	1
201	2023-12-19 09:08:46.765059+00	46	remittancerecieved	2	[{"changed": {"fields": ["Variable display name"]}}]	12	1
202	2023-12-19 09:08:50.900022+00	47	remittancerecieved	2	[{"changed": {"fields": ["Variable display name"]}}]	12	1
203	2023-12-19 09:08:55.210539+00	48	remittancerecieved	2	[{"changed": {"fields": ["Variable display name"]}}]	12	1
204	2023-12-19 09:09:00.224572+00	49	remittancerecieved	2	[{"changed": {"fields": ["Variable display name"]}}]	12	1
205	2023-12-19 09:09:04.34142+00	50	remittancerecieved	2	[{"changed": {"fields": ["Variable display name"]}}]	12	1
206	2023-12-19 09:09:08.31803+00	51	remittancerecieved	2	[{"changed": {"fields": ["Variable display name"]}}]	12	1
207	2023-12-19 09:09:12.787246+00	52	remittancerecieved	2	[{"changed": {"fields": ["Variable display name"]}}]	12	1
208	2023-12-19 09:09:16.215323+00	53	remittancerecieved	2	[{"changed": {"fields": ["Variable display name"]}}]	12	1
209	2023-12-19 09:09:21.078479+00	54	remittancerecieved	2	[{"changed": {"fields": ["Variable display name"]}}]	12	1
210	2023-12-19 09:09:25.419601+00	55	remittancerecieved	2	[{"changed": {"fields": ["Variable display name"]}}]	12	1
211	2023-12-19 09:09:30.180502+00	56	remittancerecieved	2	[{"changed": {"fields": ["Variable display name"]}}]	12	1
212	2023-12-19 09:09:34.009354+00	57	remittancerecieved	2	[{"changed": {"fields": ["Variable display name"]}}]	12	1
213	2023-12-19 09:09:38.561889+00	58	remittancerecieved	2	[{"changed": {"fields": ["Variable display name"]}}]	12	1
214	2023-12-19 09:09:42.963795+00	59	remittancerecieved	2	[{"changed": {"fields": ["Variable display name"]}}]	12	1
215	2023-12-19 09:10:24.072654+00	60	clientseniorityc	2	[{"changed": {"fields": ["Variable display name"]}}]	12	1
216	2023-12-19 09:10:27.848022+00	61	clientseniorityc	2	[{"changed": {"fields": ["Variable display name"]}}]	12	1
217	2023-12-19 09:10:31.23555+00	62	clientseniorityc	2	[{"changed": {"fields": ["Variable display name"]}}]	12	1
218	2023-12-19 09:10:34.789274+00	63	clientseniorityc	2	[{"changed": {"fields": ["Variable display name"]}}]	12	1
219	2023-12-19 09:10:39.586129+00	64	clientseniorityc	2	[{"changed": {"fields": ["Variable display name"]}}]	12	1
220	2023-12-19 09:10:43.405251+00	65	clientseniorityc	2	[{"changed": {"fields": ["Variable display name"]}}]	12	1
221	2023-12-19 09:11:21.481849+00	66	remittancesent	2	[{"changed": {"fields": ["Variable display name"]}}]	12	1
222	2023-12-19 09:11:25.247835+00	67	remittancesent	2	[{"changed": {"fields": ["Variable display name"]}}]	12	1
223	2023-12-19 09:11:29.758284+00	68	remittancesent	2	[{"changed": {"fields": ["Variable display name"]}}]	12	1
224	2023-12-19 09:11:33.234896+00	69	remittancesent	2	[{"changed": {"fields": ["Variable display name"]}}]	12	1
225	2023-12-19 09:11:36.623866+00	70	remittancesent	2	[{"changed": {"fields": ["Variable display name"]}}]	12	1
226	2023-12-19 09:11:40.293459+00	71	remittancesent	2	[{"changed": {"fields": ["Variable display name"]}}]	12	1
227	2023-12-19 09:11:45.268875+00	72	remittancesent	2	[{"changed": {"fields": ["Variable display name"]}}]	12	1
228	2023-12-19 09:11:49.011622+00	73	remittancesent	2	[{"changed": {"fields": ["Variable display name"]}}]	12	1
229	2023-12-19 09:11:53.133677+00	74	remittancesent	2	[{"changed": {"fields": ["Variable display name"]}}]	12	1
230	2023-12-19 09:11:56.600947+00	75	remittancesent	2	[{"changed": {"fields": ["Variable display name"]}}]	12	1
231	2023-12-19 09:12:01.113491+00	76	remittancesent	2	[{"changed": {"fields": ["Variable display name"]}}]	12	1
232	2023-12-19 09:12:05.168751+00	77	remittancesent	2	[{"changed": {"fields": ["Variable display name"]}}]	12	1
233	2023-12-19 09:12:09.263535+00	78	remittancesent	2	[{"changed": {"fields": ["Variable display name"]}}]	12	1
234	2023-12-19 09:12:14.045303+00	79	remittancesent	2	[{"changed": {"fields": ["Variable display name"]}}]	12	1
235	2023-12-19 09:12:50.020205+00	80	posvisited	2	[{"changed": {"fields": ["Variable display name"]}}]	12	1
236	2023-12-19 09:12:52.907511+00	81	posvisited	2	[{"changed": {"fields": ["Variable display name"]}}]	12	1
237	2023-12-19 09:12:56.886824+00	82	posvisited	2	[{"changed": {"fields": ["Variable display name"]}}]	12	1
238	2023-12-19 09:12:59.989576+00	83	posvisited	2	[{"changed": {"fields": ["Variable display name"]}}]	12	1
239	2023-12-19 09:13:24.467248+00	84	dayslastremittance	2	[{"changed": {"fields": ["Variable display name"]}}]	12	1
240	2023-12-19 09:13:27.121609+00	85	dayslastremittance	2	[{"changed": {"fields": ["Variable display name"]}}]	12	1
241	2023-12-19 09:13:30.224866+00	86	dayslastremittance	2	[{"changed": {"fields": ["Variable display name"]}}]	12	1
242	2023-12-19 09:13:33.806179+00	87	dayslastremittance	2	[{"changed": {"fields": ["Variable display name"]}}]	12	1
243	2023-12-19 09:13:37.109082+00	88	dayslastremittance	2	[{"changed": {"fields": ["Variable display name"]}}]	12	1
244	2023-12-19 09:13:41.185306+00	89	dayslastremittance	2	[{"changed": {"fields": ["Variable display name"]}}]	12	1
245	2023-12-19 09:14:09.581013+00	90	maritalstatus	2	[{"changed": {"fields": ["Variable display name"]}}]	12	1
246	2023-12-19 09:14:12.59925+00	91	maritalstatus	2	[{"changed": {"fields": ["Variable display name"]}}]	12	1
247	2023-12-19 09:14:16.846072+00	92	maritalstatus	2	[{"changed": {"fields": ["Variable display name"]}}]	12	1
248	2023-12-19 09:14:19.859981+00	93	maritalstatus	2	[{"changed": {"fields": ["Variable display name"]}}]	12	1
249	2023-12-19 09:14:23.322822+00	94	maritalstatus	2	[{"changed": {"fields": ["Variable display name"]}}]	12	1
250	2023-12-19 09:14:28.353047+00	95	maritalstatus	2	[{"changed": {"fields": ["Variable display name"]}}]	12	1
251	2023-12-19 09:14:55.253597+00	96	gender	2	[{"changed": {"fields": ["Variable display name"]}}]	12	1
252	2023-12-19 09:14:58.609873+00	97	gender	2	[{"changed": {"fields": ["Variable display name"]}}]	12	1
253	2023-12-19 09:15:04.916138+00	98	gender	2	[{"changed": {"fields": ["Variable display name"]}}]	12	1
254	2023-12-21 04:00:19.198316+00	1	documenttype	2	[{"changed": {"fields": ["Variable display name"]}}]	11	1
255	2023-12-21 04:00:51.940176+00	2	nationality	2	[{"changed": {"fields": ["Variable display name"]}}]	11	1
256	2023-12-21 04:01:07.421624+00	3	min_months_as_client	2	[{"changed": {"fields": ["Variable display name"]}}]	11	1
257	2023-12-21 04:01:22.299272+00	4	min_monthly_tpn	2	[{"changed": {"fields": ["Variable display name"]}}]	11	1
258	2023-12-21 04:01:34.003432+00	5	min_ticket	2	[{"changed": {"fields": ["Variable display name"]}}]	11	1
259	2023-12-21 04:01:49.842768+00	6	max_days_last_remittance	2	[{"changed": {"fields": ["Variable display name"]}}]	11	1
260	2023-12-21 04:02:01.795783+00	7	clusters	2	[{"changed": {"fields": ["Variable display name"]}}]	11	1
261	2023-12-21 04:02:15.330863+00	8	max_dayspastdue	2	[{"changed": {"fields": ["Variable display name"]}}]	11	1
262	2023-12-21 04:02:28.437495+00	9	min_scorebureau	2	[{"changed": {"fields": ["Variable display name"]}}]	11	1
263	2023-12-21 04:02:43.653403+00	10	edad_min	2	[{"changed": {"fields": ["Variable display name"]}}]	11	1
264	2023-12-21 04:02:56.124957+00	11	edad_max	2	[{"changed": {"fields": ["Variable display name"]}}]	11	1
265	2023-12-21 04:03:07.241451+00	12	cluster_bureau_passed	2	[{"changed": {"fields": ["Variable display name"]}}]	11	1
266	2023-12-21 04:03:23.793698+00	13	min_monthly_tpn_bureau	2	[{"changed": {"fields": ["Variable display name"]}}]	11	1
267	2023-12-21 04:03:37.442704+00	14	min_months_as_client_bureau	2	[{"changed": {"fields": ["Variable display name"]}}]	11	1
\.


--
-- Data for Name: django_content_type; Type: TABLE DATA; Schema: public; Owner: admin123
--

COPY public.django_content_type (id, app_label, model) FROM stdin;
1	admin	logentry
2	auth	permission
3	auth	group
4	contenttypes	contenttype
5	sessions	session
6	accounts	user
7	accounts	userbasicdetails
8	accounts	commonpassword
9	authtoken	token
10	authtoken	tokenproxy
11	rules	dictionaryvariable
12	rules	variablescorecard
13	rules	apiresonse
14	rules	totalrequest
\.


--
-- Data for Name: django_migrations; Type: TABLE DATA; Schema: public; Owner: admin123
--

COPY public.django_migrations (id, app, name, applied) FROM stdin;
1	contenttypes	0001_initial	2023-07-31 05:11:56.206355+00
2	contenttypes	0002_remove_content_type_name	2023-07-31 05:11:56.215905+00
3	auth	0001_initial	2023-07-31 05:11:56.2463+00
4	auth	0002_alter_permission_name_max_length	2023-07-31 05:11:56.249919+00
5	auth	0003_alter_user_email_max_length	2023-07-31 05:11:56.253298+00
6	auth	0004_alter_user_username_opts	2023-07-31 05:11:56.256645+00
7	auth	0005_alter_user_last_login_null	2023-07-31 05:11:56.26002+00
8	auth	0006_require_contenttypes_0002	2023-07-31 05:11:56.261668+00
9	auth	0007_alter_validators_add_error_messages	2023-07-31 05:11:56.264756+00
10	auth	0008_alter_user_username_max_length	2023-07-31 05:11:56.268053+00
11	auth	0009_alter_user_last_name_max_length	2023-07-31 05:11:56.271662+00
12	auth	0010_alter_group_name_max_length	2023-07-31 05:11:56.277506+00
13	auth	0011_update_proxy_permissions	2023-07-31 05:11:56.281345+00
14	auth	0012_alter_user_first_name_max_length	2023-07-31 05:11:56.284678+00
15	accounts	0001_initial	2023-07-31 05:11:56.322796+00
16	accounts	0002_user_expiry_date_user_join_date_commonpassword	2023-07-31 05:11:56.34074+00
17	admin	0001_initial	2023-07-31 05:11:56.353235+00
18	admin	0002_logentry_remove_auto_add	2023-07-31 05:11:56.35802+00
19	admin	0003_logentry_add_action_flag_choices	2023-07-31 05:11:56.363941+00
20	authtoken	0001_initial	2023-07-31 05:11:56.43307+00
21	authtoken	0002_auto_20160226_1747	2023-07-31 05:11:56.448279+00
22	authtoken	0003_tokenproxy	2023-07-31 05:11:56.450873+00
23	sessions	0001_initial	2023-07-31 05:11:56.458076+00
24	rules	0001_initial	2023-07-31 08:25:06.969146+00
25	rules	0002_dictionaryvariable_variable_rule	2023-07-31 11:45:01.433875+00
26	rules	0003_variablescorecard	2023-07-31 17:26:24.130745+00
27	rules	0002_dictionaryvariable_variable_display_name_and_more	2023-11-10 09:05:38.209188+00
28	rules	0003_apiresonse	2023-11-10 09:05:38.554736+00
29	rules	0004_totalrequest	2023-11-10 09:05:38.678508+00
\.


--
-- Data for Name: django_session; Type: TABLE DATA; Schema: public; Owner: admin123
--

COPY public.django_session (session_key, session_data, expire_date) FROM stdin;
g0plv9ah4tcexg0a8u9lfbl0nea4flou	.eJxVjEEOgjAQRe_StWk6nUqpS_ecgcxMp4IaSCisjHdXEha6_e-9_zI9bevQb1WXfszmYsCcfjcmeei0g3yn6TZbmad1Gdnuij1otd2c9Xk93L-DgerwrQmTOnFnDVi8QGQfUUAwAvkiAFxiYYeNlpy0RWwJcgjM7BugRGDeH-xEOEA:1qQomS:rNH7WWubPc0MQ6Dx2VbosHVfpaRg8b5zhuTxuhRIwy8	2023-08-01 13:17:16.934826+00
sutugpg0jwiwrzw5nkjzrrksrmlvxdyt	.eJxVjUFuwyAQRe_CNpWVAWJMV1H3PYM1MBDTYrDAURRVvXtAysa7mf_en_ljPpS6zwlXxz4Z-2ARD6tbMcQ21i2nmgtcn3nr0WDz2vCGtT5yoW6ELV6BC9niNZsQ-4WTBq2FnjjnAA3MeN-X-V5dmUMv8WNm0P661AH9YLrl9iXtJZihK8Ob1uE7k4tfb_dwYMG6tLaykuisz1YbossIQKSIewnCT9pJ7RRwNWoxKY8AKKRv_misMX4UQI79vwBc6Vo1:1qQLYp:YzRHpiWbhKOAxX1sZST1SOra81V6ro4nYseDCTdj8PE	2023-07-31 06:05:15.460807+00
6e11jzp8s8ffillccp4ld7tx30orebp0	.eJxVjEEOgjAQRe_StWk6nUqpS_ecgcxMp4IaSCisjHdXEha6_e-9_zI9bevQb1WXfszmYsCcfjcmeei0g3yn6TZbmad1Gdnuij1otd2c9Xk93L-DgerwrQmTOnFnDVi8QGQfUUAwAvkiAFxiYYeNlpy0RWwJcgjM7BugRGDeH-xEOEA:1qQirV:_hv7l9mm87_AUUB9JVFiH8noyWj8YvkH6rsjmLGsIwQ	2023-08-01 06:58:05.812169+00
35bvftvcppcjn7jyukq8av6gj1v8j0l3	.eJxVjUFuwyAQRe_CNpWVAWJMV1H3PYM1MBDTYrDAURRVvXtAysa7mf_en_ljPpS6zwlXxz4Z-2ARD6tbMcQ21i2nmgtcn3nr0WDz2vCGtT5yoW6ELV6BC9niNZsQ-4WTBq2FnjjnAA3MeN-X-V5dmUMv8WNm0P661AH9YLrl9iXtJZihK8Ob1uE7k4tfb_dwYMG6tLaykuisz1YbossIQKSIewnCT9pJ7RRwNWoxKY8AKKRv_misMX4UQI79vwBc6Vo1:1qQqGz:nk5aobEAgF3nHB6RjfogZtV-RSLvYhmEchIrMiwlXLQ	2023-08-01 14:52:53.490503+00
sm8pm45i1il8pzo95anylf48il7we5jm	.eJxVjUFuwyAQRe_CNpWVAWJMV1H3PYM1MBDTYrDAURRVvXtAysa7mf_en_ljPpS6zwlXxz4Z-2ARD6tbMcQ21i2nmgtcn3nr0WDz2vCGtT5yoW6ELV6BC9niNZsQ-4WTBq2FnjjnAA3MeN-X-V5dmUMv8WNm0P661AH9YLrl9iXtJZihK8Ob1uE7k4tfb_dwYMG6tLaykuisz1YbossIQKSIewnCT9pJ7RRwNWoxKY8AKKRv_misMX4UQI79vwBc6Vo1:1qQiyF:Ny6RUQaF9bu3QDn0vb8jEN7wbvM4hkblR6_gdEt3_d0	2023-08-01 07:05:03.46346+00
8u24f0h49ix0b8m4jgqmi0nb3m1r5153	.eJxVjUFuwyAQRe_CNpWVAWJMV1H3PYM1MBDTYrDAURRVvXtAysa7mf_en_ljPpS6zwlXxz4Z-2ARD6tbMcQ21i2nmgtcn3nr0WDz2vCGtT5yoW6ELV6BC9niNZsQ-4WTBq2FnjjnAA3MeN-X-V5dmUMv8WNm0P661AH9YLrl9iXtJZihK8Ob1uE7k4tfb_dwYMG6tLaykuisz1YbossIQKSIewnCT9pJ7RRwNWoxKY8AKKRv_misMX4UQI79vwBc6Vo1:1qQl0k:3iS-UqnupB0uFvXtdPUw8xyh0V8pT_SB3jug26EGIJA	2023-08-01 09:15:46.733184+00
6w6on1r1dzcgd0vhdcu7zy2ywqbtuhsx	.eJxVjEEOgjAQRe_StWk6nUqpS_ecgcxMp4IaSCisjHdXEha6_e-9_zI9bevQb1WXfszmYsCcfjcmeei0g3yn6TZbmad1Gdnuij1otd2c9Xk93L-DgerwrQmTOnFnDVi8QGQfUUAwAvkiAFxiYYeNlpy0RWwJcgjM7BugRGDeH-xEOEA:1qT3iL:IwQnG35zcQwFzanfkz48gW8A9eIL_NfKMGqg85rifpM	2024-03-03 01:08:17.863497+00
qlasuq8b405w4bb4ytvgfqmnuj6vneex	.eJxVjUFuwyAQRe_CNpWVAWJMV1H3PYM1MBDTYrDAURRVvXtAysa7mf_en_ljPpS6zwlXxz4Z-2ARD6tbMcQ21i2nmgtcn3nr0WDz2vCGtT5yoW6ELV6BC9niNZsQ-4WTBq2FnjjnAA3MeN-X-V5dmUMv8WNm0P661AH9YLrl9iXtJZihK8Ob1uE7k4tfb_dwYMG6tLaykuisz1YbossIQKSIewnCT9pJ7RRwNWoxKY8AKKRv_misMX4UQI79vwBc6Vo1:1qT3uS:vIHzUKEcQjLFYUaQd6iKfqpDySatzsC46BGdjkuMLBY	2024-03-03 01:20:48.03878+00
vaajvkyb7tsq2zndftusufx0cv4lfy6s	.eJxVjUFuwyAQRe_CNpWVAWJMV1H3PYM1MBDTYrDAURRVvXtAysa7mf_en_ljPpS6zwlXxz4Z-2ARD6tbMcQ21i2nmgtcn3nr0WDz2vCGtT5yoW6ELV6BC9niNZsQ-4WTBq2FnjjnAA3MeN-X-V5dmUMv8WNm0P661AH9YLrl9iXtJZihK8Ob1uE7k4tfb_dwYMG6tLaykuisz1YbossIQKSIewnCT9pJ7RRwNWoxKY8AKKRv_misMX4UQI79vwBc6Vo1:1qQnR8:UQLhJJZX-iFbamhPfB9XyBGBGXg_z6dE9i4YR-8hy-Y	2023-08-01 11:51:10.128092+00
begk1i8li1crwesy50a3cwpws2292m3j	.eJxVjUFuwyAQRe_CNpWVAWJMV1H3PYM1MBDTYrDAURRVvXtAysa7mf_en_ljPpS6zwlXxz4Z-2ARD6tbMcQ21i2nmgtcn3nr0WDz2vCGtT5yoW6ELV6BC9niNZsQ-4WTBq2FnjjnAA3MeN-X-V5dmUMv8WNm0P661AH9YLrl9iXtJZihK8Ob1uE7k4tfb_dwYMG6tLaykuisz1YbossIQKSIewnCT9pJ7RRwNWoxKY8AKKRv_misMX4UQI79vwBc6Vo1:1qQp8y:ZHk_pXC6NVazSSrL5xNxIo9IoJNJ3EPY-e_NoUWrApE	2023-08-01 13:40:32.503993+00
26m2dtotoyg0mxmblkx1kgu67myb4tsm	.eJxVjEEOgjAQRe_StWk6nUqpS_ecgcxMp4IaSCisjHdXEha6_e-9_zI9bevQb1WXfszmYsCcfjcmeei0g3yn6TZbmad1Gdnuij1otd2c9Xk93L-DgerwrQmTOnFnDVi8QGQfUUAwAvkiAFxiYYeNlpy0RWwJcgjM7BugRGDeH-xEOEA:1qQRWf:XvHbqjkCQPfC3Ngzz1w--UF1efv-869td_JbBEDueI0	2023-07-31 12:27:25.796844+00
rs4bc6fyh0l9bvi2he1pb5yzihrvblo3	.eJxVjEEOgjAQRe_StWk6nUqpS_ecgcxMp4IaSCisjHdXEha6_e-9_zI9bevQb1WXfszmYsCcfjcmeei0g3yn6TZbmad1Gdnuij1otd2c9Xk93L-DgerwrQmTOnFnDVi8QGQfUUAwAvkiAFxiYYeNlpy0RWwJcgjM7BugRGDeH-xEOEA:1qQXKU:g79IruU4azbQMV0RK6dtD-KBY9vAKJDbzeYIYnizZ90	2023-07-31 18:39:14.524061+00
yb2t9l61mmiwnf4z5rnr0fe2fqa8kayw	.eJxVjEEOgjAQRe_StWk6nUqpS_ecgcxMp4IaSCisjHdXEha6_e-9_zI9bevQb1WXfszmYsCcfjcmeei0g3yn6TZbmad1Gdnuij1otd2c9Xk93L-DgerwrQmTOnFnDVi8QGQfUUAwAvkiAFxiYYeNlpy0RWwJcgjM7BugRGDeH-xEOEA:1qQOOd:vO9FnkJaB6m9drbvBL7V7VT1-s3AxTCS0L5e7del7vA	2023-07-31 09:06:55.091378+00
t5h2o9v4d5zu3rhtf7lb6e9dydoku4qg	.eJxVjUFuwyAQRe_CNpWVAWJMV1H3PYM1MBDTYrDAURRVvXtAysa7mf_en_ljPpS6zwlXxz4Z-2ARD6tbMcQ21i2nmgtcn3nr0WDz2vCGtT5yoW6ELV6BC9niNZsQ-4WTBq2FnjjnAA3MeN-X-V5dmUMv8WNm0P661AH9YLrl9iXtJZihK8Ob1uE7k4tfb_dwYMG6tLaykuisz1YbossIQKSIewnCT9pJ7RRwNWoxKY8AKKRv_misMX4UQI79vwBc6Vo1:1qQSxB:d6Iab4drRqADmSTwOCys0gRgO2Z2lQO-HYu1YZy3I6M	2023-07-31 13:58:53.218395+00
e0pfwhywl79ty0mcqkhjw2fk6eelqe1p	.eJxVjEEOgjAQRe_StWk6nUqpS_ecgcxMp4IaSCisjHdXEha6_e-9_zI9bevQb1WXfszmYsCcfjcmeei0g3yn6TZbmad1Gdnuij1otd2c9Xk93L-DgerwrQmTOnFnDVi8QGQfUUAwAvkiAFxiYYeNlpy0RWwJcgjM7BugRGDeH-xEOEA:1qQLYP:JQYyP29FccCCEsGsFpjs666g6ATLOabV0C-Yku7uALk	2023-07-31 06:04:49.682387+00
9iyhljleboe409m335m4km1qkb8dxk3v	.eJxdjsFuwyAMht-FaycUQ9qEnbrdd9oDRAbMwkqgihPtMPXdC1qlaTv6-z_b_7cIceVtyriQeBYvyHPkWTyJhL_0veRYES0YUx3xR5Jc8ZlL2HZP0pWlKldk_iqrrxbHazqD0n3FS7ExtUsHA8ZoMyqlAGow4b7N0860TrEt_WMW3YVyC_wn5o9Sv-RtjVY2RT5Slm_FU3p9uH8OzLVqa6wNda47Uq-DcjBYNWgHTg-AKjgAG4ZgO32i4A2NWo8Ivu-tteoEaBDE7Q7g1l_j:1r5lbO:wsGRuXG8d-KUXEyve5_u0xzIjz-8tVN5NLGa6VIozFo	2023-11-22 11:56:06.625616+00
psb6euf14tltxi13m8tz45d831szj7dl	.eJxdjstOxDAMRf8lW1BE3EccVgP7Wc0HVE7i0DBpMmpasUD8O6kYCcHS555r-1OEuNZtyrSweBYvVOdYZ_EoEv3SS8mxIV4opjbSjyRrw6dawrZ7lq4sTblRrR9l9c2q8ZZOCrq-4aXYmI5ND0YZ0xkEAKVaMNG-zdNeeZ3iUfrHLLkr5yPw75TfSruStzVaeSjynlZ5Lp7T6939s2Bur7Y2gh1J0xAQPIxaawRyxICj756CG52irveMpkdkNmbgQVmN1oJHBB3E1zfYoV-b:1r63N6:gHcy4YpF8fxxJklGVxURP6zBFdWEHFHrdmOF12lhTek	2023-11-23 06:54:32.324164+00
fi2n6e66zqpluxpa3yuxwj74q6stw06a	.eJxVjEEOgjAQRe_StWlkoJ3BpXvO0Ew7g6CmTSisjHdXEha6_e-9_zKBt3UKW9UlzGIupjGn3y1yemjegdw534pNJa_LHO2u2INWOxTR5_Vw_w4mrtO3Joiekd1IIOARkYATK5CX9jwmnxpuO1HqOyLVvnfqmogUIwgR4GjeH-QPN_g:1r6PGj:8wQxpKAg793vSHpPGuDwUqGjPeiHPE6QsmUT6gHp_OM	2023-11-24 06:17:25.217437+00
eb9mbqdosu0wwpmi9b3kqiugp2vztwo5	.eJxVjUFuxCAMRe_CtlUUMAzjrkaz7xkiE5yGlkAEGVVV1bsXpNlkZ__3vv0rllDqMSXaWLwJ8SoinVbeKMQ21j2nmou8_eS9R8Oct4Z3qvU7F9-NsMebVKBbvGUXYr_wghIR8KqUkrKBiR7HOj0qlyn0kjpnjuYvTh34T0ofuX1JRwlu6MrwpHV4z57j_emeDqxU195GNB5nbS-8qNFd0dCiJZjRAmtQxhtjGUHTpRkAlq3UZgSFzipvYRZ__zHoWGc:1r6Ot3:Cwg6i5KeM9V6ONDUKcauhgAKCnhFH32rizXZR_vmpSs	2023-11-24 05:52:57.019866+00
euem6200y39kdzbj3ia2ep101xnkeu67	.eJxVjEEOgjAQRe_StWk6nUqpS_ecgcxMp4IaSCisjHdXEha6_e-9_zI9bevQb1WXfszmYsCcfjcmeei0g3yn6TZbmad1Gdnuij1otd2c9Xk93L-DgerwrQmTOnFnDVi8QGQfUUAwAvkiAFxiYYeNlpy0RWwJcgjM7BugRGDeH-xEOEA:1r5h3G:JydcOilnbDSPOIIcyWylNOzRQGS6jcAQB-FTJaCJqVE	2023-11-22 07:04:34.135548+00
28moi5yz4xwdlfs3ncarrqi6ofg6qya7	.eJxVjEEOgjAQRe_StWlkoJ3BpXvO0Ew7g6CmTSisjHdXEha6_e-9_zKBt3UKW9UlzGIupjGn3y1yemjegdw534pNJa_LHO2u2INWOxTR5_Vw_w4mrtO3Joiekd1IIOARkYATK5CX9jwmnxpuO1HqOyLVvnfqmogUIwgR4GjeH-QPN_g:1r8fhv:ymrC7Phu_gIhkGCD1aC00JSUoqt-wLcS7Pgohsxte08	2023-11-30 12:14:51.062144+00
1r3ooxab5ut7qqcb9j3s1sbe7102rt74	.eJxVjMsOwiAQRf-FtSFDCwVcuvcbyMwwSNXQpI-V8d-1SRe6veec-1IJt7WmbZE5jVmdlVGn342QH9J2kO_YbpPmqa3zSHpX9EEXfZ2yPC-H-3dQcanfmowzFIXZd32gDryTgKYwdOQw2iISio1DtOhsn2Fgb3tHAhwEAMio9wfmojfE:1rGAK8:Bg_jDmR2ejuDjs2KaXVLdSV9S_rF2gY2HtLJqOtcR58	2023-12-21 04:21:16.002062+00
33qvh08hoanhz1m0ezgdve1o3zckhxu7	.eJxVjstugzAQRf_F20YIP8FZRdnnG9DYjItbgxEGRVHVf-9YilSxnHMfc39YiFvZhwVmZFfmwH8fK7uwBP_wKLgRwhliohOgTLFMt1deK2l8nkldoZRn3kYylLimGxdSEZ6zi6mWfFhurbS9EIJzEgY49mmo1UOsIXlmdQguVRi_YPnM9GXZt-iaamneamkeecR0f3tPBROtpLQJEhTX6IxxyohW6z4ox51pg7TcCw9Ch1YBtmaErgtgHN0CeovSK43s9w98ql2M:1rCnZd:AgCG56oug0PrSQzON82R40JackTGGpubX7WhXviR16s	2023-12-11 21:27:21.498031+00
fky2ddt4xtlnu93qhsdchismv30pdqoi	.eJxVjDsOgzAQRO_iOrL8XSBles5g7drrmCQyEoYqyt0DEkVSzrw38xYBt7WErfESpiSuworLb0cYn1wPkB5Y77OMc12XieShyJM2Oc6JX7fT_Tso2Mq-hmzRac8EQA6M8r7PjjSBynbQ0UQ0PiuHrCBh12UE2rPBfmAbnWfx-QLa2Tf0:1rAW8g:u5AyV4ydnhDucD6j3sbJzbdaMnhe3158Nwhvep0wvJ4	2023-12-05 14:26:06.614685+00
ricn6es9hcbuhz8205iirztrka30vawr	.eJxVjMsOwiAQRf-FtSFDCwVcuvcbyMwwSNXQpI-V8d-1SRe6veec-1IJt7WmbZE5jVmdlVGn342QH9J2kO_YbpPmqa3zSHpX9EEXfZ2yPC-H-3dQcanfmowzFIXZd32gDryTgKYwdOQw2iISio1DtOhsn2Fgb3tHAhwEAMio9wfmojfE:1rFUKm:qPK6kTBtmwR-M1A0Pl8BgCmjzsh3JZwTZ4D81WnYkN8	2023-12-19 07:31:08.879556+00
5ascfsiayosuxqwxqoiepnxtm5z4bgod	.eJxVjMsOwiAQRf-FtSFDCwVcuvcbyMwwSNXQpI-V8d-1SRe6veec-1IJt7WmbZE5jVmdlVGn342QH9J2kO_YbpPmqa3zSHpX9EEXfZ2yPC-H-3dQcanfmowzFIXZd32gDryTgKYwdOQw2iISio1DtOhsn2Fgb3tHAhwEAMio9wfmojfE:1rFVia:grMFI5cyi0_1h71wCxgiK4Ks4JTwNVFKZTp0_VAZQ7U	2023-12-19 08:59:48.780419+00
s7nd6ppr6w4wrqssc73q9vcmfx2pvwvo	.eJxVjDsOgzAQRO_iOrL8XSBles5g7drrmCQyEoYqyt0DEkVSzrw38xYBt7WErfESpiSuworLb0cYn1wPkB5Y77OMc12XieShyJM2Oc6JX7fT_Tso2Mq-hmzRac8EQA6M8r7PjjSBynbQ0UQ0PiuHrCBh12UE2rPBfmAbnWfx-QLa2Tf0:1rD2Lt:QNvmj5WzpZ0UNuj4GE4CVp4jxHHvCLrBWyq2AunXQYo	2023-12-12 13:14:09.428277+00
jnwez8ogwsi93mngp600myf82dl4itru	.eJxVjctqxCAUht_FbUuIl2ic1dBlodA3COfE48Sp0RATuih99yoMlNl-33_5YT7s5ZgSrMQu7D0XYq8swj_6jOctUnIV0wohVnSvqetWOSTXVDfnteoNSvnOu6uJErZ45UKqiteMIbalF8utlXYUQnBexQTnsUxnoX0KraSfGcL81X4vzN0h3XJ9SccesGuR7mFL95EdxbdH9mlggbLUNuKgBt0PloxXipCk8VIOfEYJwoPskSsNivisheG99oaPpNAL9G4EQ-z3D6CBXrw:1rFCDL:otnJc0oy2t6jJbp87ZsFGd_pXWpRvauul18A7aGzJVk	2023-12-18 12:10:15.078353+00
h6v64mf8pbja2yihvgioe8kb0gxfhcqn	.eJxVjMsOwiAQRf-FtSFDCwVcuvcbyMwwSNXQpI-V8d-1SRe6veec-1IJt7WmbZE5jVmdlVGn342QH9J2kO_YbpPmqa3zSHpX9EEXfZ2yPC-H-3dQcanfmowzFIXZd32gDryTgKYwdOQw2iISio1DtOhsn2Fgb3tHAhwEAMio9wfmojfE:1rFWCC:MtKKpNoHgLbYDQ2MtIiuvNwwNQiMnRU9JFrv2iz7vkU	2023-12-19 09:30:24.629372+00
nd5t3f2iiicw8i3c6dxfji7ko4b8bqs7	.eJxVjctqxCAUht_FbUuIl2ic1dBlodA3COfE48Sp0RATuih99yoMlNl-33_5YT7s5ZgSrMQu7D0XYq8swj_6jOctUnIV0wohVnSvqetWOSTXVDfnteoNSvnOu6uJErZ45UKqiteMIbalF8utlXYUQnBexQTnsUxnoX0KraSfGcL81X4vzN0h3XJ9SccesGuR7mFL95EdxbdH9mlggbLUNuKgBt0PloxXipCk8VIOfEYJwoPskSsNivisheG99oaPpNAL9G4EQ-z3D6CBXrw:1rFDPm:LGsuKgANjoL7uMLTDoHnIfutgsprTYpeYTgSUNiOMYA	2023-12-18 13:27:10.862986+00
xyairpguyofk29tkwcwf67qjwy3399sn	.eJxVjDsOgzAQRO_iOrL8XSBles5g7drrmCQyEoYqyt0DEkVSzrw38xYBt7WErfESpiSuworLb0cYn1wPkB5Y77OMc12XieShyJM2Oc6JX7fT_Tso2Mq-hmzRac8EQA6M8r7PjjSBynbQ0UQ0PiuHrCBh12UE2rPBfmAbnWfx-QLa2Tf0:1r8gfn:7nBHO-GtdsPZ0d0Lx62SJRAPQa4Lmo9bGK59T7O4dwk	2023-11-30 13:16:43.39498+00
y0t57e7bkrbjwiw0o65fwkdx7y1s7k7f	.eJxVjDsOgzAQRO_iOrL8XSBles5g7drrmCQyEoYqyt0DEkVSzrw38xYBt7WErfESpiSuworLb0cYn1wPkB5Y77OMc12XieShyJM2Oc6JX7fT_Tso2Mq-hmzRac8EQA6M8r7PjjSBynbQ0UQ0PiuHrCBh12UE2rPBfmAbnWfx-QLa2Tf0:1rE8V7:g286otx8WclGWLONk0DRrELimX3DJJp0WDxY6atoQyc	2023-12-15 14:00:13.947063+00
cls4ms5zp1746up99uiz6iomdqnhf247	.eJxVjstugzAQRf_F20YIP8FZRdnnG9DYjItbgxEGRVHVf-9YilSxnHMfc39YiFvZhwVmZFfmwH8fK7uwBP_wKLgRwhliohOgTLFMt1deK2l8nkldoZRn3kYylLimGxdSEZ6zi6mWfFhurbS9EIJzEgY49mmo1UOsIXlmdQguVRi_YPnM9GXZt-iaamneamkeecR0f3tPBROtpLQJEhTX6IxxyohW6z4ox51pg7TcCw9Ch1YBtmaErgtgHN0CeovSK43s9w98ql2M:1rCgir:BqbsNtQ58cSZyFAfK4s4ATN-UlVBpHsEJ9xEkNBlXk4	2023-12-11 14:08:25.44924+00
283fn8f4m01gnmz4i3gd1878gns0c3su	.eJxVjDsOgzAQRO_iOrL8XSBles5g7drrmCQyEoYqyt0DEkVSzrw38xYBt7WErfESpiSuworLb0cYn1wPkB5Y77OMc12XieShyJM2Oc6JX7fT_Tso2Mq-hmzRac8EQA6M8r7PjjSBynbQ0UQ0PiuHrCBh12UE2rPBfmAbnWfx-QLa2Tf0:1r8h5x:5ZWw6cH4RzD7tSlnTun4KE9gQwlKGDGP15KNExR8RtM	2023-11-30 13:43:45.275488+00
8b9re75mkxakachrgms18e93k0gnl094	.eJxVjctqxCAUht_FbUuIl2ic1dBlodA3COfE48Sp0RATuih99yoMlNl-33_5YT7s5ZgSrMQu7D0XYq8swj_6jOctUnIV0wohVnSvqetWOSTXVDfnteoNSvnOu6uJErZ45UKqiteMIbalF8utlXYUQnBexQTnsUxnoX0KraSfGcL81X4vzN0h3XJ9SccesGuR7mFL95EdxbdH9mlggbLUNuKgBt0PloxXipCk8VIOfEYJwoPskSsNivisheG99oaPpNAL9G4EQ-z3D6CBXrw:1rFFJ6:JLVsFpudF7HOg1jBkqzPzebkNjQKt7XDbvqzsosiy8I	2023-12-18 15:28:24.736505+00
sdkyw2yy71l7xywevfl8obh6hw97brj5	.eJxVjMsOwiAQRf-FtSFDCwVcuvcbyMwwSNXQpI-V8d-1SRe6veec-1IJt7WmbZE5jVmdlVGn342QH9J2kO_YbpPmqa3zSHpX9EEXfZ2yPC-H-3dQcanfmowzFIXZd32gDryTgKYwdOQw2iISio1DtOhsn2Fgb3tHAhwEAMio9wfmojfE:1rE8VQ:nhtu5cm_gIMTBEQyuHKhMhkmz1mpAsRLYyHrfsyXRnU	2023-12-15 14:00:32.941423+00
rb2amz79fq128b6rh3eoqm8jruih57ma	.eJxVjDEKwzAMAP_iuRjFtkLcsXvfYCRZadKWGOJkCv17MWRo17vjDpNo36a0V13TnM3VOHP5ZUzy0qWJ_KTlUayUZVtnti2xp632XrK-b2f7N5ioTm0bAUdl7WlAB06DC6iR1QfBSECMNIpHyCCdBwFmN8YuDw4H0j6I-XwB5qU4Fg:1rD3Cr:oB-QGxTllf7h2_n14EgL71D19FQ6p5l1Zp7X_bhTlTM	2023-12-12 14:08:53.830113+00
5nf7jhbe0guh0fjo9f02abfmjb0q1gc8	.eJxVjMsOwiAQRf-FtSFDCwVcuvcbyMwwSNXQpI-V8d-1SRe6veec-1IJt7WmbZE5jVmdlVGn342QH9J2kO_YbpPmqa3zSHpX9EEXfZ2yPC-H-3dQcanfmowzFIXZd32gDryTgKYwdOQw2iISio1DtOhsn2Fgb3tHAhwEAMio9wfmojfE:1rF10j:vtV2aQ376pRPbcxvIH9FLd4m7VL68zPYi_AnvYYyG8M	2023-12-18 00:12:29.851221+00
c8iw0jnrvu9vxrax80uobetuenvgglvt	.eJxVjctqxCAUht_FbUuIl2ic1dBlodA3COfE48Sp0RATuih99yoMlNl-33_5YT7s5ZgSrMQu7D0XYq8swj_6jOctUnIV0wohVnSvqetWOSTXVDfnteoNSvnOu6uJErZ45UKqiteMIbalF8utlXYUQnBexQTnsUxnoX0KraSfGcL81X4vzN0h3XJ9SccesGuR7mFL95EdxbdH9mlggbLUNuKgBt0PloxXipCk8VIOfEYJwoPskSsNivisheG99oaPpNAL9G4EQ-z3D6CBXrw:1rFFal:W8vL51f1w6g9rLlYMn03ytAJzaS-rxdn78SfoNPKL_o	2023-12-18 15:46:39.106443+00
w2w83ri3easvb3y2gbzkb0oz4qtk4fwa	.eJxVjMsOwiAQRf-FtSFDCwVcuvcbyMwwSNXQpI-V8d-1SRe6veec-1IJt7WmbZE5jVmdlVGn342QH9J2kO_YbpPmqa3zSHpX9EEXfZ2yPC-H-3dQcanfmowzFIXZd32gDryTgKYwdOQw2iISio1DtOhsn2Fgb3tHAhwEAMio9wfmojfE:1rEm97:m1CYgDwxQi34u4w3SIEOEjGp-Gqn4lTTVGYrDt09-7M	2023-12-17 08:20:09.155442+00
2f9jby09oo5vbm30et8uzxsrj9wf99dy	.eJxVjMsOwiAQRf-FtSFDCwVcuvcbyMwwSNXQpI-V8d-1SRe6veec-1IJt7WmbZE5jVmdlVGn342QH9J2kO_YbpPmqa3zSHpX9EEXfZ2yPC-H-3dQcanfmowzFIXZd32gDryTgKYwdOQw2iISio1DtOhsn2Fgb3tHAhwEAMio9wfmojfE:1rD3DK:iVAVSyC3OxlNzSbj8MJDAt2x06MJmpSFWcObyaA4wU4	2023-12-12 14:09:22.197917+00
jmhjbcrz9op142i7lul4x2z4sl0s92sh	.eJxVjctqxCAUht_FbUuIl2ic1dBlodA3COfE48Sp0RATuih99yoMlNl-33_5YT7s5ZgSrMQu7D0XYq8swj_6jOctUnIV0wohVnSvqetWOSTXVDfnteoNSvnOu6uJErZ45UKqiteMIbalF8utlXYUQnBexQTnsUxnoX0KraSfGcL81X4vzN0h3XJ9SccesGuR7mFL95EdxbdH9mlggbLUNuKgBt0PloxXipCk8VIOfEYJwoPskSsNivisheG99oaPpNAL9G4EQ-z3D6CBXrw:1rEm9n:roFnX5HgNuBX3yy55gJM_IrlD0i4bSHWNruG4P2JerI	2023-12-17 08:20:51.315441+00
h0z94wvl3xum3o700qz2xps9ubq0tp4b	.eJxVjctqxCAUht_FbUuIl2ic1dBlodA3COfE48Sp0RATuih99yoMlNl-33_5YT7s5ZgSrMQu7D0XYq8swj_6jOctUnIV0wohVnSvqetWOSTXVDfnteoNSvnOu6uJErZ45UKqiteMIbalF8utlXYUQnBexQTnsUxnoX0KraSfGcL81X4vzN0h3XJ9SccesGuR7mFL95EdxbdH9mlggbLUNuKgBt0PloxXipCk8VIOfEYJwoPskSsNivisheG99oaPpNAL9G4EQ-z3D6CBXrw:1rFUHI:a1HEdctlCAtr0Y8hZjuEquFb9XFvK0IO9wWWvbhjgGQ	2023-12-19 07:27:32.176214+00
9uvuyxk80dz43ld552qheesxd9mfsedb	.eJxVjctqxCAUht_FbUuIl2ic1dBlodA3COfE48Sp0RATuih99yoMlNl-33_5YT7s5ZgSrMQu7D0XYq8swj_6jOctUnIV0wohVnSvqetWOSTXVDfnteoNSvnOu6uJErZ45UKqiteMIbalF8utlXYUQnBexQTnsUxnoX0KraSfGcL81X4vzN0h3XJ9SccesGuR7mFL95EdxbdH9mlggbLUNuKgBt0PloxXipCk8VIOfEYJwoPskSsNivisheG99oaPpNAL9G4EQ-z3D6CBXrw:1rGIlx:lR8obhN0ZqageQv0WH4yKq5rf7TZC1jOz0mGWlGruhk	2023-12-21 13:22:33.465956+00
cppmc0w8z4m8jygr7jcai0vcr252g0rf	.eJxVjctqxCAUht_FbUuIl2ic1dBlodA3COfE48Sp0RATuih99yoMlNl-33_5YT7s5ZgSrMQu7D0XYq8swj_6jOctUnIV0wohVnSvqetWOSTXVDfnteoNSvnOu6uJErZ45UKqiteMIbalF8utlXYUQnBexQTnsUxnoX0KraSfGcL81X4vzN0h3XJ9SccesGuR7mFL95EdxbdH9mlggbLUNuKgBt0PloxXipCk8VIOfEYJwoPskSsNivisheG99oaPpNAL9G4EQ-z3D6CBXrw:1rFbhU:_IClz_zUkAeX63G5_fmux-419E3lJbGGDeec0P-RysU	2023-12-19 15:23:04.848705+00
cyo2t1vgr516rza3qjany8e3albfq6oi	.eJxVjctqxCAUht_FbUuIl2ic1dBlodA3COfE48Sp0RATuih99yoMlNl-33_5YT7s5ZgSrMQu7D0XYq8swj_6jOctUnIV0wohVnSvqetWOSTXVDfnteoNSvnOu6uJErZ45UKqiteMIbalF8utlXYUQnBexQTnsUxnoX0KraSfGcL81X4vzN0h3XJ9SccesGuR7mFL95EdxbdH9mlggbLUNuKgBt0PloxXipCk8VIOfEYJwoPskSsNivisheG99oaPpNAL9G4EQ-z3D6CBXrw:1rFZjc:USMJGXaUCW7i3IslE3TEUCxam8aZ0ExIEQXJ7DynVsM	2023-12-19 13:17:08.490683+00
tj7x8coipkucnfni1dsg82olcpjrs7zm	.eJxVjctqxCAUht_FbUuIl2ic1dBlodA3COfE48Sp0RATuih99yoMlNl-33_5YT7s5ZgSrMQu7D0XYq8swj_6jOctUnIV0wohVnSvqetWOSTXVDfnteoNSvnOu6uJErZ45UKqiteMIbalF8utlXYUQnBexQTnsUxnoX0KraSfGcL81X4vzN0h3XJ9SccesGuR7mFL95EdxbdH9mlggbLUNuKgBt0PloxXipCk8VIOfEYJwoPskSsNivisheG99oaPpNAL9G4EQ-z3D6CBXrw:1rGKXI:mBrUOkkX18PEj7q1giC0lBD-cBoIF44JvKStqf77kVE	2023-12-21 15:15:32.659382+00
fnfccr6z772asiako2crp8y3frl29lg1	.eJxVjctqxCAUht_FbUuIl2ic1dBlodA3COfE48Sp0RATuih99yoMlNl-33_5YT7s5ZgSrMQu7D0XYq8swj_6jOctUnIV0wohVnSvqetWOSTXVDfnteoNSvnOu6uJErZ45UKqiteMIbalF8utlXYUQnBexQTnsUxnoX0KraSfGcL81X4vzN0h3XJ9SccesGuR7mFL95EdxbdH9mlggbLUNuKgBt0PloxXipCk8VIOfEYJwoPskSsNivisheG99oaPpNAL9G4EQ-z3D6CBXrw:1rFc2x:SoZ3BwJe_EGSRN0fA5DvjYG21qkPh7lKZ8g9MkzqVzU	2023-12-19 15:45:15.833577+00
co7tces5erf3vhv810ppbg1249k3l9he	.eJxVjctqxCAUht_FbUuIl2ic1dBlodA3COfE48Sp0RATuih99yoMlNl-33_5YT7s5ZgSrMQu7D0XYq8swj_6jOctUnIV0wohVnSvqetWOSTXVDfnteoNSvnOu6uJErZ45UKqiteMIbalF8utlXYUQnBexQTnsUxnoX0KraSfGcL81X4vzN0h3XJ9SccesGuR7mFL95EdxbdH9mlggbLUNuKgBt0PloxXipCk8VIOfEYJwoPskSsNivisheG99oaPpNAL9G4EQ-z3D6CBXrw:1rNYM5:KfdQPMwAVAsgm3D_8a6jGyRVr7EKQdRF_dn0EzFv44k	2024-01-10 13:25:49.763821+00
petpryryg7qy198sgq9fxtjp9fdinrs2	.eJxVjctqxCAUht_FbUuIl2ic1dBlodA3COfE48Sp0RATuih99yoMlNl-33_5YT7s5ZgSrMQu7D0XYq8swj_6jOctUnIV0wohVnSvqetWOSTXVDfnteoNSvnOu6uJErZ45UKqiteMIbalF8utlXYUQnBexQTnsUxnoX0KraSfGcL81X4vzN0h3XJ9SccesGuR7mFL95EdxbdH9mlggbLUNuKgBt0PloxXipCk8VIOfEYJwoPskSsNivisheG99oaPpNAL9G4EQ-z3D6CBXrw:1rFaVA:sj3qrNSt5yuI1XXr4qtMtF8lHde8x0UdTZKqRz3GYm0	2023-12-19 14:06:16.704662+00
0y041vv5olfyhgofeox8fs3opyq276gp	.eJxVjctqxCAUht_FbUuIl2ic1dBlodA3COfE48Sp0RATuih99yoMlNl-33_5YT7s5ZgSrMQu7D0XYq8swj_6jOctUnIV0wohVnSvqetWOSTXVDfnteoNSvnOu6uJErZ45UKqiteMIbalF8utlXYUQnBexQTnsUxnoX0KraSfGcL81X4vzN0h3XJ9SccesGuR7mFL95EdxbdH9mlggbLUNuKgBt0PloxXipCk8VIOfEYJwoPskSsNivisheG99oaPpNAL9G4EQ-z3D6CBXrw:1rFxYj:xKdBmcXl7NppWCO2bIs6xuMyRyDnFG5d5P5IYh9Wc_U	2023-12-20 14:43:29.406669+00
4i3qwt08rt3foep6ddjirpr31otrn08j	.eJxVjctqxCAUht_FbUuIl2ic1dBlodA3COfE48Sp0RATuih99yoMlNl-33_5YT7s5ZgSrMQu7D0XYq8swj_6jOctUnIV0wohVnSvqetWOSTXVDfnteoNSvnOu6uJErZ45UKqiteMIbalF8utlXYUQnBexQTnsUxnoX0KraSfGcL81X4vzN0h3XJ9SccesGuR7mFL95EdxbdH9mlggbLUNuKgBt0PloxXipCk8VIOfEYJwoPskSsNivisheG99oaPpNAL9G4EQ-z3D6CBXrw:1rGhhP:D_TRB1ooIWKh535GzthiG1KPa5vSqX70rySEnF6zXQs	2023-12-22 15:59:31.564777+00
ndlr8260y7zu0dk40j4sa7pitba9ymyu	.eJxVjctqxCAUht_FbUuIl2ic1dBlodA3COfE48Sp0RATuih99yoMlNl-33_5YT7s5ZgSrMQu7D0XYq8swj_6jOctUnIV0wohVnSvqetWOSTXVDfnteoNSvnOu6uJErZ45UKqiteMIbalF8utlXYUQnBexQTnsUxnoX0KraSfGcL81X4vzN0h3XJ9SccesGuR7mFL95EdxbdH9mlggbLUNuKgBt0PloxXipCk8VIOfEYJwoPskSsNivisheG99oaPpNAL9G4EQ-z3D6CBXrw:1rGALB:iW7qX1Gv7t2KHWpNGRz0IlClNMainCn8SDDMRUP6EJQ	2023-12-21 04:22:21.24772+00
jhopnvl5ac2i9343dujusbgzjmqhpual	.eJxVjctqxCAUht_FbUuIl2ic1dBlodA3COfE48Sp0RATuih99yoMlNl-33_5YT7s5ZgSrMQu7D0XYq8swj_6jOctUnIV0wohVnSvqetWOSTXVDfnteoNSvnOu6uJErZ45UKqiteMIbalF8utlXYUQnBexQTnsUxnoX0KraSfGcL81X4vzN0h3XJ9SccesGuR7mFL95EdxbdH9mlggbLUNuKgBt0PloxXipCk8VIOfEYJwoPskSsNivisheG99oaPpNAL9G4EQ-z3D6CBXrw:1rFaXz:7qCqecWEGXTXqR1Hp9M6yF2aLuWYRJpe8QBHBs3ISRw	2023-12-19 14:09:11.342429+00
6bedvypg1mnkhl93if6jb5ja2zho8vhj	.eJxVjctqxCAUht_FbUuIl2ic1dBlodA3COfE48Sp0RATuih99yoMlNl-33_5YT7s5ZgSrMQu7D0XYq8swj_6jOctUnIV0wohVnSvqetWOSTXVDfnteoNSvnOu6uJErZ45UKqiteMIbalF8utlXYUQnBexQTnsUxnoX0KraSfGcL81X4vzN0h3XJ9SccesGuR7mFL95EdxbdH9mlggbLUNuKgBt0PloxXipCk8VIOfEYJwoPskSsNivisheG99oaPpNAL9G4EQ-z3D6CBXrw:1rFWD2:5jqAfIPeR2LO-FNdqrVKeKtKBcgqwAdZUY7G-lxWOWI	2023-12-19 09:31:16.30934+00
\.


--
-- Data for Name: rules_apiresonse; Type: TABLE DATA; Schema: public; Owner: admin123
--

COPY public.rules_apiresonse (id, response, created_date, user_id) FROM stdin;
199	"{\\"Meses Transando\\": \\"10.00\\", \\"Antig\\\\u00fcedad Cliente Airpak\\": \\"151.00\\", \\"Puntaje Bureau\\": \\"87.00\\", \\"Cluster\\": \\"10.00\\", \\"Puntaje Credolab\\": \\"0\\", \\"Remesas Recibidas\\": \\"26.00\\", \\"Antig\\\\u00fcedad Cliente Cashpak\\": \\"70.00\\", \\"Edad\\": \\"1000.00\\", \\"Remesas Enviadas\\": \\"10.00\\", \\"Pos Visitados\\": \\"40.00\\", \\"D\\\\u00edas De Ultima Remesa\\": \\"6.00\\", \\"Estado Civil\\": \\"3.00\\", \\"Genero\\": \\"1000.00\\", \\"TotalScore\\": \\"2413.00\\", \\"Client ID\\": \\"2009\\"}"	2024-01-15 19:00:00.570791+00	2
\.


--
-- Data for Name: rules_dictionaryvariable; Type: TABLE DATA; Schema: public; Owner: admin123
--

COPY public.rules_dictionaryvariable (id, variable_type, variable_name, variable_source, variable_value, variable_required, description, created_date, user_id, variable_rule, variable_display_name) FROM stdin;
1	string	documenttype	sponsor	CEDULA	t		2023-07-31 08:25:50+00	2	document =	Tipo de Documento
2	string	nationality	sponsor	NICARAGUA	t		2023-07-31 08:27:51+00	2	x =	Nacionalidad
3	integer	min_months_as_client	sponsor	2	t		2023-07-31 08:28:22+00	2	x>=	Antigedad Cliente Airpak
4	integer	min_monthly_tpn	sponsor	1	t		2023-07-31 08:30:50+00	2	x>=	Numero de Meses Remesas Recibidas
5	integer	min_ticket	sponsor	1	t		2023-07-31 08:31:17+00	2	\N	Monto Remesa Mensual Promedio
6	integer	max_days_last_remittance	sponsor	100000	t		2023-07-31 08:31:49+00	2	x<=	Ultima Remesa Recibida (Das)
7	string	clusters	sponsor	NI 4 Preferencial','NI 3 Alto Potencial','NI 2 Personal','NI 1 Pago Prolongado','NI 0 En Desarrollo	t		2023-07-31 08:32:12+00	2	all	Cluster
8	integer	max_dayspastdue	sponsor	0	t		2023-07-31 08:33:06+00	2	x=	Das Mora
9	integer	min_scorebureau	Bureu	1	t		2023-07-31 08:35:12+00	2	score>=	Puntaje Mnimo Bureau
10	integer	edad_min	sponsor	1	t		2023-07-31 08:35:43+00	2	x>=	Edad Mnima
11	integer	edad_max	sponsor	100	t		2023-07-31 08:36:34+00	2	x<=	Edad Mxima
12	string	cluster_bureau_passed	Bureau	NI 4 Preferencial','NI 3 Alto Potencial	t		2023-08-02 06:25:57+00	2	\N	Cluster - Condicion Bureau
13	integer	min_monthly_tpn_bureau	Bureau	1	t		2023-08-02 06:26:49+00	2	=	Numero de Meses Remesas Recibidas  Condicin Bureau
14	Integer	min_months_as_client_bureau	Bureau	1	t		2023-08-02 06:27:32+00	2	=	Antigedad Cliente  Condicin Bureau
15	Integer	levelpastdue_f	Bureau	1	t		2023-08-02 06:28:02+00	2	=	\N
16	integer	cutoff_value	sponsor	1	t		2023-11-30 13:00:56+00	2	=	Puntaje de Scorecards
17	integer	upper_cap_amount	Sponsor	100	t		2023-11-30 13:27:55+00	2	Hasta =	Monto Mximo a aprobar
\.


--
-- Data for Name: rules_totalrequest; Type: TABLE DATA; Schema: public; Owner: admin123
--

COPY public.rules_totalrequest (id, status, created_date, user_id) FROM stdin;
1	pending	2023-12-01 08:34:44.273707+00	2
2	approved	2023-12-07 13:06:50.647387+00	2
3	approved	2023-12-11 13:49:00.915602+00	2
4	rejected	2023-12-11 20:26:16.698801+00	2
5	rejected	2023-12-11 20:51:48.513352+00	2
6	pending	2023-12-12 13:16:34.607886+00	2
7	pending	2023-12-12 13:22:27.673671+00	2
8	pending	2023-12-12 13:22:43.809253+00	2
9	pending	2023-12-12 13:24:47.55456+00	2
10	pending	2023-12-12 13:29:38.494271+00	2
11	rejected	2023-12-12 13:33:11.929656+00	2
12	rejected	2023-12-12 13:47:31.00223+00	2
13	pending	2023-12-13 19:05:36.517991+00	2
14	pending	2023-12-13 19:08:30.432942+00	2
15	pending	2023-12-13 19:14:19.419579+00	2
16	pending	2023-12-13 19:15:57.954456+00	2
17	pending	2023-12-13 19:17:55.24383+00	2
18	pending	2023-12-13 19:19:26.473296+00	2
19	rejected	2023-12-13 19:26:29.211201+00	2
20	pending	2023-12-13 19:26:43.01698+00	2
21	rejected	2023-12-13 19:27:51.578439+00	2
22	rejected	2023-12-13 19:33:56.302492+00	2
23	rejected	2023-12-13 19:50:28.962019+00	2
24	rejected	2023-12-13 19:57:12.425371+00	2
25	pending	2023-12-13 20:39:26.656055+00	2
26	rejected	2023-12-15 13:43:16.321947+00	2
27	approved	2023-12-15 13:43:32.89877+00	2
28	rejected	2023-12-18 13:08:12.535742+00	2
29	rejected	2023-12-18 13:08:36.869661+00	2
30	rejected	2023-12-18 13:10:57.766765+00	2
31	rejected	2023-12-18 13:18:13.811322+00	2
32	rejected	2023-12-18 13:19:36.688924+00	2
33	rejected	2023-12-18 13:35:28.967963+00	2
34	rejected	2023-12-18 15:03:42.332755+00	2
35	rejected	2023-12-18 15:27:57.958835+00	2
36	rejected	2023-12-18 15:28:18.349731+00	2
37	rejected	2023-12-18 18:17:29.797423+00	2
38	rejected	2023-12-18 18:17:43.2749+00	2
39	rejected	2023-12-19 15:04:21.723111+00	2
40	rejected	2023-12-19 15:04:25.582907+00	2
41	rejected	2023-12-19 15:04:38.937302+00	2
42	rejected	2023-12-19 15:06:31.105743+00	2
43	rejected	2023-12-19 15:06:38.358959+00	2
44	rejected	2023-12-19 15:06:43.577719+00	2
45	rejected	2023-12-19 15:07:34.738446+00	2
46	rejected	2023-12-20 12:56:26.402586+00	2
47	rejected	2023-12-20 14:03:22.860756+00	2
48	rejected	2023-12-21 14:54:54.165491+00	2
49	rejected	2023-12-22 15:41:29.415423+00	2
50	rejected	2023-12-22 15:44:10.435704+00	2
51	approved	2023-12-22 15:44:35.237141+00	2
52	pending	2023-12-22 15:55:23.787048+00	2
53	approved	2023-12-22 15:55:26.574744+00	2
54	pending	2023-12-26 08:38:45.166408+00	2
55	pending	2023-12-26 08:40:49.429812+00	2
56	pending	2023-12-26 08:40:56.896227+00	2
57	pending	2023-12-26 08:41:18.900881+00	2
58	pending	2023-12-26 08:53:16.314274+00	2
59	pending	2023-12-26 08:53:22.303517+00	2
60	pending	2023-12-26 08:53:51.343445+00	2
61	pending	2023-12-26 09:11:31.077297+00	2
62	rejected	2023-12-26 12:23:16.082675+00	2
63	approved	2023-12-26 12:23:32.411217+00	2
64	approved	2023-12-26 12:24:57.732272+00	2
65	approved	2023-12-26 12:57:45.344352+00	2
66	approved	2023-12-26 12:59:48.629571+00	2
67	pending	2023-12-26 13:10:05.554994+00	2
68	approved	2023-12-26 13:10:08.432438+00	2
69	pending	2023-12-27 13:28:10.330278+00	2
70	approved	2023-12-27 13:28:13.195913+00	2
71	pending	2023-12-27 14:22:26.225898+00	2
72	approved	2023-12-27 14:22:29.089504+00	2
73	pending	2023-12-27 17:54:13.453669+00	2
74	approved	2023-12-27 17:54:15.853135+00	2
75	rejected	2023-12-27 18:08:40.643574+00	2
76	approved	2023-12-27 18:11:41.866753+00	2
77	approved	2023-12-27 18:24:33.329086+00	2
78	approved	2023-12-27 18:31:04.565311+00	2
79	approved	2023-12-27 18:51:11.128403+00	2
80	approved	2023-12-27 19:10:11.099924+00	2
81	approved	2023-12-27 19:12:09.854853+00	2
82	approved	2023-12-27 19:13:09.318781+00	2
83	approved	2023-12-27 19:22:39.944936+00	2
84	approved	2023-12-28 12:51:13.931652+00	2
85	approved	2023-12-28 12:55:45.592677+00	2
86	approved	2023-12-28 13:02:23.962495+00	2
87	approved	2023-12-28 13:05:50.065019+00	2
88	approved	2023-12-28 13:15:29.420347+00	2
89	approved	2023-12-28 13:16:12.239759+00	2
90	approved	2023-12-28 16:03:55.855374+00	2
91	approved	2023-12-28 19:42:13.057808+00	2
92	approved	2023-12-28 19:45:31.788437+00	2
93	approved	2023-12-29 12:22:57.054882+00	2
94	approved	2023-12-29 12:35:08.142145+00	2
95	approved	2023-12-29 12:48:30.071171+00	2
96	approved	2023-12-29 12:51:21.002044+00	2
97	approved	2023-12-29 14:39:47.040958+00	2
98	approved	2023-12-29 19:13:32.051451+00	2
99	approved	2023-12-29 19:31:57.787611+00	2
100	approved	2024-01-02 13:26:23.390483+00	2
101	approved	2024-01-03 18:17:03.589532+00	2
102	approved	2024-01-03 18:21:13.05589+00	2
103	approved	2024-01-03 18:24:30.644658+00	2
104	approved	2024-01-03 18:24:56.759529+00	2
105	approved	2024-01-03 18:25:03.886493+00	2
106	approved	2024-01-03 18:26:19.056859+00	2
107	approved	2024-01-03 18:51:05.176617+00	2
108	approved	2024-01-03 20:03:05.553765+00	2
109	pending	2024-01-04 11:37:09.073979+00	2
110	approved	2024-01-04 11:37:13.919925+00	2
111	rejected	2024-01-05 15:42:07.477179+00	2
112	approved	2024-01-05 17:13:40.467282+00	2
113	pending	2024-01-08 12:26:17.935651+00	2
114	approved	2024-01-08 12:26:21.032274+00	2
115	pending	2024-01-08 12:34:00.307952+00	2
116	approved	2024-01-08 12:34:03.126775+00	2
117	approved	2024-01-08 12:36:46.902594+00	2
118	approved	2024-01-08 12:42:50.27529+00	2
119	pending	2024-01-08 13:35:25.275435+00	2
120	approved	2024-01-08 13:35:27.845321+00	2
121	pending	2024-01-08 13:44:47.073818+00	2
122	approved	2024-01-08 13:44:48.823552+00	2
123	approved	2024-01-08 17:12:13.396486+00	2
124	approved	2024-01-08 17:16:59.288602+00	2
125	approved	2024-01-08 18:54:05.654422+00	2
126	approved	2024-01-08 19:28:38.352476+00	2
127	approved	2024-01-09 13:25:44.710436+00	2
128	approved	2024-01-09 15:02:56.481898+00	2
129	pending	2024-01-10 10:52:01.370499+00	2
130	pending	2024-01-10 10:52:03.383051+00	2
131	approved	2024-01-10 10:52:05.514273+00	2
132	approved	2024-01-10 10:52:07.022901+00	2
133	pending	2024-01-10 10:52:08.000476+00	2
134	approved	2024-01-10 10:52:08.958998+00	2
135	pending	2024-01-10 10:52:10.263073+00	2
136	approved	2024-01-10 10:52:11.207566+00	2
137	pending	2024-01-10 10:52:11.831001+00	2
138	approved	2024-01-10 10:52:12.870713+00	2
139	approved	2024-01-10 10:52:14.019834+00	2
140	pending	2024-01-10 10:52:15.002814+00	2
141	rejected	2024-01-10 10:52:15.79997+00	2
142	approved	2024-01-10 10:52:17.558775+00	2
143	approved	2024-01-10 11:42:36.934093+00	2
144	approved	2024-01-10 11:42:37.876648+00	2
145	approved	2024-01-10 11:42:41.262818+00	2
146	approved	2024-01-10 11:42:45.104433+00	2
147	approved	2024-01-10 11:42:47.33852+00	2
148	approved	2024-01-10 11:42:49.213756+00	2
149	rejected	2024-01-10 11:42:51.428818+00	2
150	approved	2024-01-10 12:00:53.154467+00	2
151	approved	2024-01-10 12:58:41.148937+00	2
152	approved	2024-01-10 13:01:22.630357+00	2
153	approved	2024-01-10 13:04:18.955957+00	2
154	approved	2024-01-10 14:27:34.077+00	2
155	approved	2024-01-10 16:49:20.703516+00	2
156	approved	2024-01-10 16:51:04.401576+00	2
157	approved	2024-01-10 17:39:59.319265+00	2
158	approved	2024-01-10 17:58:38.142552+00	2
159	approved	2024-01-10 18:10:01.852137+00	2
160	approved	2024-01-10 18:24:48.388391+00	2
161	approved	2024-01-10 20:21:17.505163+00	2
162	approved	2024-01-10 20:52:51.031306+00	2
163	approved	2024-01-11 12:52:00.742235+00	2
164	rejected	2024-01-11 12:52:19.645143+00	2
165	approved	2024-01-11 13:23:47.467758+00	2
166	rejected	2024-01-11 13:26:43.898717+00	2
167	rejected	2024-01-11 13:37:30.101779+00	2
168	approved	2024-01-11 13:37:41.820279+00	2
169	approved	2024-01-11 18:12:51.526321+00	2
170	approved	2024-01-11 18:16:51.08241+00	2
171	approved	2024-01-11 18:19:10.775534+00	2
172	approved	2024-01-11 19:17:06.676923+00	2
173	approved	2024-01-11 19:18:17.550131+00	2
174	approved	2024-01-11 19:19:33.661464+00	2
175	approved	2024-01-12 14:10:38.564946+00	2
176	approved	2024-01-12 14:11:31.341551+00	2
177	approved	2024-01-12 15:09:51.273182+00	2
178	approved	2024-01-12 15:18:56.348132+00	2
179	approved	2024-01-12 15:19:58.031311+00	2
180	approved	2024-01-12 15:22:09.410158+00	2
181	approved	2024-01-12 15:43:13.526856+00	2
182	approved	2024-01-12 16:12:23.644948+00	2
183	approved	2024-01-12 16:18:42.964447+00	2
184	approved	2024-01-14 19:26:01.455366+00	2
185	approved	2024-01-14 19:28:29.060546+00	2
186	approved	2024-01-14 19:32:55.202513+00	2
187	approved	2024-01-15 14:17:38.613881+00	2
188	approved	2024-01-15 14:20:02.829122+00	2
189	approved	2024-01-15 17:22:09.286946+00	2
190	approved	2024-01-15 17:34:26.157058+00	2
191	approved	2024-01-15 18:06:18.242997+00	2
192	approved	2024-01-15 18:06:29.893149+00	2
193	approved	2024-01-15 18:06:41.275408+00	2
194	approved	2024-01-15 18:08:11.075655+00	2
195	approved	2024-01-15 18:42:57.158977+00	2
196	approved	2024-01-15 18:44:10.556961+00	2
197	approved	2024-01-15 18:50:35.719066+00	2
198	approved	2024-01-15 18:56:55.404759+00	2
199	approved	2024-01-15 19:00:00.580059+00	2
\.


--
-- Data for Name: rules_variablescorecard; Type: TABLE DATA; Schema: public; Owner: admin123
--

COPY public.rules_variablescorecard (id, variable_name, bucket_number, bucket_label, min_val, max_val, score, created_date, user_id, variable_display_name) FROM stdin;
43	scorecredolab	5	867,900	867.00	900.00	6.00	2023-08-02 08:14:48+00	2	Score Credolab
44	scorecredolab	6	900,inf	900.00	9000.00	7.00	2023-08-02 08:15:18+00	2	Score Credolab
6	transactionmonths	6	12,12000	12.00	1200.00	180.00	2023-07-31 17:43:13+00	2	Transactions months
40	scorecredolab	2	728,776	728.00	776.00	3.00	2023-08-02 07:32:54+00	2	Score Credolab
46	remittancerecieved	2	1,1.25	1.00	1.25	15.00	2023-08-02 08:22:37+00	2	Remittance received
16	age	1	18,25	18.00	25.00	1000.00	2023-08-01 12:45:22+00	2	Age
3	transactionmonths	3	9,10	9.00	10.00	82.00	2023-07-31 17:41:09+00	2	Transactions months
4	transactionmonths	4	10,11	10.00	11.00	104.00	2023-07-31 17:42:00+00	2	Transactions months
41	scorecredolab	3	776,824	776.00	824.00	4.00	2023-08-02 08:13:20+00	2	Score Credolab
7	clientsenioritya	1	6,12	6.00	12.00	10.00	2023-07-31 17:45:25+00	2	Client seniority Airpak
8	clientsenioritya	2	12,18	12.00	18.00	28.00	2023-07-31 17:45:55+00	2	Client seniority Airpak
9	clientsenioritya	3	18,24	18.00	24.00	45.00	2023-07-31 17:46:30+00	2	Client seniority Airpak
11	clientsenioritya	5	30,36	30.00	36.00	80.00	2023-07-31 17:47:47+00	2	Client seniority Airpak
12	clientsenioritya	6	36,42	36.00	42.00	98.00	2023-07-31 17:48:28+00	2	Client seniority Airpak
13	clientsenioritya	7	42,48	42.00	48.00	115.00	2023-07-31 17:49:04+00	2	Client seniority Airpak
15	clientsenioritya	9	54,5400	54.00	5400.00	151.00	2023-07-31 17:50:25+00	2	Client seniority Airpak
18	age	3	30,35	30.00	35.00	1000.00	2023-08-02 07:05:38+00	2	Age
19	age	4	35,40	35.00	40.00	1000.00	2023-08-02 07:06:20+00	2	Age
20	age	5	40,50	40.00	45.00	1000.00	2023-08-02 07:06:46+00	2	Age
21	age	6	50,65	50.00	65.00	1000.00	2023-08-02 07:07:36+00	2	Age
22	age	7	65,inf	65.00	650.00	1000.00	2023-08-02 07:08:04+00	2	Age
2	transactionmonths	2	8,9	8.00	9.00	51.00	2023-07-31 17:40:23+00	2	Transactions months
61	clientseniorityc	2	3,6	3.00	6.00	22.00	2023-08-03 10:55:45+00	2	Client seniority Cashpak
24	scorebureau	1	650,728	650.00	728.00	50.00	2023-08-02 07:12:02+00	2	Score bureau
25	scorebureau	2	728,776	728.00	776.00	69.00	2023-08-02 07:16:36+00	2	Score bureau
26	scorebureau	3	776,824	776.00	824.00	83.00	2023-08-02 07:17:38+00	2	Score bureau
27	scorebureau	4	824,867	824.00	867.00	93.00	2023-08-02 07:18:20+00	2	Score bureau
29	scorebureau	6	900,inf	900.00	10000.00	125.00	2023-08-02 07:19:27+00	2	Score bureau
30	scorebureau	7	NA,NA	0.00	0.00	87.00	2023-08-02 07:20:39+00	2	Score bureau
31	scorebureau	8	NA,NA	0.00	0.00	125.00	2023-08-02 07:21:09+00	2	Score bureau
32	cluster	1	NI 4 Preferencial	0.00	0.00	100.00	2023-08-02 07:22:23+00	2	Cluster
33	cluster	2	NI 3 Alto Potencial	0.00	0.00	82.00	2023-08-02 07:27:00+00	2	Cluster
34	cluster	3	NI 2 Personal	0.00	0.00	64.00	2023-08-02 07:27:35+00	2	Cluster
36	cluster	5	NI 0 En Desarrollo	0.00	0.00	28.00	2023-08-02 07:28:37+00	2	Cluster
37	cluster	6	NI 6 Nuevo	0.00	0.00	10.00	2023-08-02 07:29:09+00	2	Cluster
38	cluster	7	Not in list	0.00	0.00	10.00	2023-08-02 07:29:44+00	2	Cluster
42	scorecredolab	4	824,867	824.00	867.00	5.00	2023-08-02 08:14:11+00	2	Score Credolab
47	remittancerecieved	3	1.25,1.5	1.25	1.50	21.00	2023-08-02 08:23:12+00	2	Remittance received
48	remittancerecieved	4	1.5,1.75	1.50	1.75	26.00	2023-08-02 08:23:40+00	2	Remittance received
49	remittancerecieved	5	1.75,2	1.75	2.00	32.00	2023-08-02 08:24:21+00	2	Remittance received
51	remittancerecieved	7	2.25,2.5	2.25	2.50	42.00	2023-08-02 08:25:19+00	2	Remittance received
52	remittancerecieved	8	2.5,2.75	2.50	2.75	48.00	2023-08-02 08:27:11+00	2	Remittance received
53	remittancerecieved	9	2.75,3	2.75	3.00	53.00	2023-08-02 08:27:40+00	2	Remittance received
55	remittancerecieved	11	3.25,3.5	3.25	3.50	64.00	2023-08-03 10:42:42+00	2	Remittance received
56	remittancerecieved	12	3.5,3.75	3.50	3.75	69.00	2023-08-03 10:51:27+00	2	Remittance received
57	remittancerecieved	13	3.75,4	3.75	4.00	75.00	2023-08-03 10:52:01+00	2	Remittance received
58	remittancerecieved	14	4,inf	4.00	40.00	80.00	2023-08-03 10:52:44+00	2	Remittance received
64	clientseniorityc	5	18,24	18.00	24.00	58.00	2023-08-03 10:59:48+00	2	Client seniority Cashpak
65	clientseniorityc	6	24,inf	24.00	240.00	70.00	2023-08-03 11:07:55+00	2	Client seniority Cashpak
66	remittancesent	1	0,1	0.00	1.00	10.00	2023-08-04 05:32:58+00	2	Remittance sent
17	age	2	25,30	25.00	30.00	1000.00	2023-08-01 12:46:33+00	2	Age
63	clientseniorityc	4	12,18	12.00	18.00	46.00	2023-08-03 10:58:49+00	2	Client seniority Cashpak
68	remittancesent	3	1.25,1.5	1.25	1.50	16.00	2023-08-04 05:33:50+00	2	Remittance sent
69	remittancesent	4	1.5,1.75	1.50	1.75	19.00	2023-08-04 05:34:21+00	2	Remittance sent
70	remittancesent	5	1.75,2	1.75	2.00	22.00	2023-08-04 05:35:01+00	2	Remittance sent
71	remittancesent	6	2,2.25	2.00	2.25	25.00	2023-08-04 05:35:38+00	2	Remittance sent
73	remittancesent	8	2.5,2.75	2.50	2.75	32.00	2023-08-04 05:57:47+00	2	Remittance sent
74	remittancesent	9	2.75,3	2.75	3.00	36.00	2023-08-04 05:58:26+00	2	Remittance sent
75	remittancesent	10	3,3.25	3.00	3.25	38.00	2023-08-04 05:59:02+00	2	Remittance sent
76	remittancesent	11	3.25,3.5	3.25	3.50	41.00	2023-08-04 06:00:25+00	2	Remittance sent
77	remittancesent	12	3.5,3.75	3.50	3.75	44.00	2023-08-04 06:01:21+00	2	Remittance sent
79	remittancesent	14	4,inf	4.00	40.00	50.00	2023-08-04 06:03:16+00	2	Remittance sent
80	posvisited	1	1,2	1.00	2.00	10.00	2023-08-04 06:04:08+00	2	POS visited
81	posvisited	2	2,3	2.00	3.00	20.00	2023-08-04 06:07:38+00	2	POS visited
82	posvisited	3	3,4	3.00	4.00	30.00	2023-08-04 06:08:02+00	2	POS visited
83	posvisited	4	4,inf	4.00	40.00	40.00	2023-08-04 06:09:14+00	2	POS visited
39	scorecredolab	1	650,728	650.00	728.00	1.00	2023-08-02 07:30:16+00	2	Score Credolab
96	gender	1	M	0.00	0.00	1000.00	2023-08-04 06:24:04+00	2	Gender
97	gender	2	F	0.00	0.00	1000.00	2023-08-04 06:24:53+00	2	Gender
98	gender	3	Not in list	0.00	0.00	1000.00	2023-08-04 06:43:03+00	2	Gender
10	clientsenioritya	4	24,30	24.00	30.00	63.00	2023-07-31 17:47:08+00	2	Client seniority Airpak
14	clientsenioritya	8	48,54	48.00	54.00	133.00	2023-07-31 17:49:45+00	2	Client seniority Airpak
23	scorebureau	0	level_0	0.00	0.00	87.00	2023-08-02 07:08:46+00	2	Score bureau
28	scorebureau	5	867,900	867.00	900.00	101.00	2023-08-02 07:18:52+00	2	Score bureau
35	cluster	4	NI 1 Pago Prolongado	0.00	0.00	46.00	2023-08-02 07:28:10+00	2	Cluster
45	remittancerecieved	1	0,1	0.00	1.00	10.00	2023-08-02 08:15:51+00	2	Remittance received
50	remittancerecieved	6	2,2.25	2.00	2.25	37.00	2023-08-02 08:24:49+00	2	Remittance received
54	remittancerecieved	10	3,3.25	3.00	3.25	58.00	2023-08-03 10:42:15+00	2	Remittance received
59	remittancerecieved	15	na,na	0.00	0.00	10.00	2023-08-03 10:53:48+00	2	Remittance received
90	maritalstatus	1	S	0.00	0.00	1.00	2023-08-04 06:16:02+00	2	Marital Status
91	maritalstatus	2	D	0.00	0.00	2.00	2023-08-04 06:18:25+00	2	Marital Status
92	maritalstatus	3	C	0.00	0.00	3.00	2023-08-04 06:18:58+00	2	Marital Status
93	maritalstatus	4	U	0.00	0.00	4.00	2023-08-04 06:19:22+00	2	Marital Status
94	maritalstatus	5	V	0.00	0.00	5.00	2023-08-04 06:23:04+00	2	Marital Status
95	maritalstatus	6	Not in list	0.00	0.00	6.00	2023-08-04 06:23:27+00	2	Marital Status
60	clientseniorityc	1	0,3	0.00	3.00	11.00	2023-08-03 10:55:22+00	2	Client seniority Cashpak
62	clientseniorityc	2	3,6	3.00	6.00	22.00	2023-08-03 10:56:15+00	2	Client seniority Cashpak
84	dayslastremittance	1	1,10	1.00	10.00	1.00	2023-08-04 06:12:07+00	2	Days last remittance
85	dayslastremittance	2	12,18	12.00	18.00	2.00	2023-08-04 06:13:12+00	2	Days last remittance
86	dayslastremittance	3	20,30	20.00	30.00	3.00	2023-08-04 06:13:42+00	2	Days last remittance
87	dayslastremittance	4	30,45	30.00	45.00	4.00	2023-08-04 06:14:12+00	2	Days last remittance
88	dayslastremittance	5	45,60	45.00	60.00	5.00	2023-08-04 06:14:39+00	2	Days last remittance
89	dayslastremittance	6	60,inf	60.00	600.00	6.00	2023-08-04 06:15:10+00	2	Days last remittance
1	transactionmonths	1	7,8	7.00	8.00	10.00	2023-07-31 17:38:43+00	2	Transactions months
5	transactionmonths	5	11,12	11.00	12.00	124.00	2023-07-31 17:42:40+00	2	Transactions months
67	remittancesent	2	1,1.25	1.00	1.25	13.00	2023-08-04 05:33:18+00	2	Remittance sent
72	remittancesent	7	2.25,2.5	2.25	2.50	28.00	2023-08-04 05:38:30+00	2	Remittance sent
78	remittancesent	13	3.75,4	3.75	4.00	47.00	2023-08-04 06:02:00+00	2	Remittance sent
\.


--
-- Name: CommonPassword_id_seq; Type: SEQUENCE SET; Schema: public; Owner: admin123
--

SELECT pg_catalog.setval('public."CommonPassword_id_seq"', 8, true);


--
-- Name: UserBasicDetails_id_seq; Type: SEQUENCE SET; Schema: public; Owner: admin123
--

SELECT pg_catalog.setval('public."UserBasicDetails_id_seq"', 6, true);


--
-- Name: User_groups_id_seq; Type: SEQUENCE SET; Schema: public; Owner: admin123
--

SELECT pg_catalog.setval('public."User_groups_id_seq"', 2, true);


--
-- Name: User_id_seq; Type: SEQUENCE SET; Schema: public; Owner: admin123
--

SELECT pg_catalog.setval('public."User_id_seq"', 6, true);


--
-- Name: User_user_permissions_id_seq; Type: SEQUENCE SET; Schema: public; Owner: admin123
--

SELECT pg_catalog.setval('public."User_user_permissions_id_seq"', 1, false);


--
-- Name: auth_group_id_seq; Type: SEQUENCE SET; Schema: public; Owner: admin123
--

SELECT pg_catalog.setval('public.auth_group_id_seq', 2, true);


--
-- Name: auth_group_permissions_id_seq; Type: SEQUENCE SET; Schema: public; Owner: admin123
--

SELECT pg_catalog.setval('public.auth_group_permissions_id_seq', 1, false);


--
-- Name: auth_permission_id_seq; Type: SEQUENCE SET; Schema: public; Owner: admin123
--

SELECT pg_catalog.setval('public.auth_permission_id_seq', 56, true);


--
-- Name: django_admin_log_id_seq; Type: SEQUENCE SET; Schema: public; Owner: admin123
--

SELECT pg_catalog.setval('public.django_admin_log_id_seq', 267, true);


--
-- Name: django_content_type_id_seq; Type: SEQUENCE SET; Schema: public; Owner: admin123
--

SELECT pg_catalog.setval('public.django_content_type_id_seq', 14, true);


--
-- Name: django_migrations_id_seq; Type: SEQUENCE SET; Schema: public; Owner: admin123
--

SELECT pg_catalog.setval('public.django_migrations_id_seq', 29, true);


--
-- Name: rules_apiresonse_id_seq; Type: SEQUENCE SET; Schema: public; Owner: admin123
--

SELECT pg_catalog.setval('public.rules_apiresonse_id_seq', 199, true);


--
-- Name: rules_dictionaryvariable_id_seq; Type: SEQUENCE SET; Schema: public; Owner: admin123
--

SELECT pg_catalog.setval('public.rules_dictionaryvariable_id_seq', 17, true);


--
-- Name: rules_totalrequest_id_seq; Type: SEQUENCE SET; Schema: public; Owner: admin123
--

SELECT pg_catalog.setval('public.rules_totalrequest_id_seq', 199, true);


--
-- Name: rules_variablescorecard_id_seq; Type: SEQUENCE SET; Schema: public; Owner: admin123
--

SELECT pg_catalog.setval('public.rules_variablescorecard_id_seq', 98, true);


--
-- Name: CommonPassword CommonPassword_pkey; Type: CONSTRAINT; Schema: public; Owner: admin123
--

ALTER TABLE ONLY public."CommonPassword"
    ADD CONSTRAINT "CommonPassword_pkey" PRIMARY KEY (id);


--
-- Name: UserBasicDetails UserBasicDetails_pkey; Type: CONSTRAINT; Schema: public; Owner: admin123
--

ALTER TABLE ONLY public."UserBasicDetails"
    ADD CONSTRAINT "UserBasicDetails_pkey" PRIMARY KEY (id);


--
-- Name: UserBasicDetails UserBasicDetails_user_id_key; Type: CONSTRAINT; Schema: public; Owner: admin123
--

ALTER TABLE ONLY public."UserBasicDetails"
    ADD CONSTRAINT "UserBasicDetails_user_id_key" UNIQUE (user_id);


--
-- Name: User User_email_key; Type: CONSTRAINT; Schema: public; Owner: admin123
--

ALTER TABLE ONLY public."User"
    ADD CONSTRAINT "User_email_key" UNIQUE (email);


--
-- Name: User_groups User_groups_pkey; Type: CONSTRAINT; Schema: public; Owner: admin123
--

ALTER TABLE ONLY public."User_groups"
    ADD CONSTRAINT "User_groups_pkey" PRIMARY KEY (id);


--
-- Name: User_groups User_groups_user_id_group_id_d63e199e_uniq; Type: CONSTRAINT; Schema: public; Owner: admin123
--

ALTER TABLE ONLY public."User_groups"
    ADD CONSTRAINT "User_groups_user_id_group_id_d63e199e_uniq" UNIQUE (user_id, group_id);


--
-- Name: User User_pkey; Type: CONSTRAINT; Schema: public; Owner: admin123
--

ALTER TABLE ONLY public."User"
    ADD CONSTRAINT "User_pkey" PRIMARY KEY (id);


--
-- Name: User_user_permissions User_user_permissions_pkey; Type: CONSTRAINT; Schema: public; Owner: admin123
--

ALTER TABLE ONLY public."User_user_permissions"
    ADD CONSTRAINT "User_user_permissions_pkey" PRIMARY KEY (id);


--
-- Name: User_user_permissions User_user_permissions_user_id_permission_id_af0f54ec_uniq; Type: CONSTRAINT; Schema: public; Owner: admin123
--

ALTER TABLE ONLY public."User_user_permissions"
    ADD CONSTRAINT "User_user_permissions_user_id_permission_id_af0f54ec_uniq" UNIQUE (user_id, permission_id);


--
-- Name: auth_group auth_group_name_key; Type: CONSTRAINT; Schema: public; Owner: admin123
--

ALTER TABLE ONLY public.auth_group
    ADD CONSTRAINT auth_group_name_key UNIQUE (name);


--
-- Name: auth_group_permissions auth_group_permissions_group_id_permission_id_0cd325b0_uniq; Type: CONSTRAINT; Schema: public; Owner: admin123
--

ALTER TABLE ONLY public.auth_group_permissions
    ADD CONSTRAINT auth_group_permissions_group_id_permission_id_0cd325b0_uniq UNIQUE (group_id, permission_id);


--
-- Name: auth_group_permissions auth_group_permissions_pkey; Type: CONSTRAINT; Schema: public; Owner: admin123
--

ALTER TABLE ONLY public.auth_group_permissions
    ADD CONSTRAINT auth_group_permissions_pkey PRIMARY KEY (id);


--
-- Name: auth_group auth_group_pkey; Type: CONSTRAINT; Schema: public; Owner: admin123
--

ALTER TABLE ONLY public.auth_group
    ADD CONSTRAINT auth_group_pkey PRIMARY KEY (id);


--
-- Name: auth_permission auth_permission_content_type_id_codename_01ab375a_uniq; Type: CONSTRAINT; Schema: public; Owner: admin123
--

ALTER TABLE ONLY public.auth_permission
    ADD CONSTRAINT auth_permission_content_type_id_codename_01ab375a_uniq UNIQUE (content_type_id, codename);


--
-- Name: auth_permission auth_permission_pkey; Type: CONSTRAINT; Schema: public; Owner: admin123
--

ALTER TABLE ONLY public.auth_permission
    ADD CONSTRAINT auth_permission_pkey PRIMARY KEY (id);


--
-- Name: authtoken_token authtoken_token_pkey; Type: CONSTRAINT; Schema: public; Owner: admin123
--

ALTER TABLE ONLY public.authtoken_token
    ADD CONSTRAINT authtoken_token_pkey PRIMARY KEY (key);


--
-- Name: authtoken_token authtoken_token_user_id_key; Type: CONSTRAINT; Schema: public; Owner: admin123
--

ALTER TABLE ONLY public.authtoken_token
    ADD CONSTRAINT authtoken_token_user_id_key UNIQUE (user_id);


--
-- Name: django_admin_log django_admin_log_pkey; Type: CONSTRAINT; Schema: public; Owner: admin123
--

ALTER TABLE ONLY public.django_admin_log
    ADD CONSTRAINT django_admin_log_pkey PRIMARY KEY (id);


--
-- Name: django_content_type django_content_type_app_label_model_76bd3d3b_uniq; Type: CONSTRAINT; Schema: public; Owner: admin123
--

ALTER TABLE ONLY public.django_content_type
    ADD CONSTRAINT django_content_type_app_label_model_76bd3d3b_uniq UNIQUE (app_label, model);


--
-- Name: django_content_type django_content_type_pkey; Type: CONSTRAINT; Schema: public; Owner: admin123
--

ALTER TABLE ONLY public.django_content_type
    ADD CONSTRAINT django_content_type_pkey PRIMARY KEY (id);


--
-- Name: django_migrations django_migrations_pkey; Type: CONSTRAINT; Schema: public; Owner: admin123
--

ALTER TABLE ONLY public.django_migrations
    ADD CONSTRAINT django_migrations_pkey PRIMARY KEY (id);


--
-- Name: django_session django_session_pkey; Type: CONSTRAINT; Schema: public; Owner: admin123
--

ALTER TABLE ONLY public.django_session
    ADD CONSTRAINT django_session_pkey PRIMARY KEY (session_key);


--
-- Name: rules_apiresonse rules_apiresonse_pkey; Type: CONSTRAINT; Schema: public; Owner: admin123
--

ALTER TABLE ONLY public.rules_apiresonse
    ADD CONSTRAINT rules_apiresonse_pkey PRIMARY KEY (id);


--
-- Name: rules_dictionaryvariable rules_dictionaryvariable_pkey; Type: CONSTRAINT; Schema: public; Owner: admin123
--

ALTER TABLE ONLY public.rules_dictionaryvariable
    ADD CONSTRAINT rules_dictionaryvariable_pkey PRIMARY KEY (id);


--
-- Name: rules_totalrequest rules_totalrequest_pkey; Type: CONSTRAINT; Schema: public; Owner: admin123
--

ALTER TABLE ONLY public.rules_totalrequest
    ADD CONSTRAINT rules_totalrequest_pkey PRIMARY KEY (id);


--
-- Name: rules_variablescorecard rules_variablescorecard_pkey; Type: CONSTRAINT; Schema: public; Owner: admin123
--

ALTER TABLE ONLY public.rules_variablescorecard
    ADD CONSTRAINT rules_variablescorecard_pkey PRIMARY KEY (id);


--
-- Name: CommonPassword_user_id_e8f92de6; Type: INDEX; Schema: public; Owner: admin123
--

CREATE INDEX "CommonPassword_user_id_e8f92de6" ON public."CommonPassword" USING btree (user_id);


--
-- Name: User_email_667201b5_like; Type: INDEX; Schema: public; Owner: admin123
--

CREATE INDEX "User_email_667201b5_like" ON public."User" USING btree (email varchar_pattern_ops);


--
-- Name: User_groups_group_id_328392a3; Type: INDEX; Schema: public; Owner: admin123
--

CREATE INDEX "User_groups_group_id_328392a3" ON public."User_groups" USING btree (group_id);


--
-- Name: User_groups_user_id_8f675f72; Type: INDEX; Schema: public; Owner: admin123
--

CREATE INDEX "User_groups_user_id_8f675f72" ON public."User_groups" USING btree (user_id);


--
-- Name: User_user_permissions_permission_id_8e998ba4; Type: INDEX; Schema: public; Owner: admin123
--

CREATE INDEX "User_user_permissions_permission_id_8e998ba4" ON public."User_user_permissions" USING btree (permission_id);


--
-- Name: User_user_permissions_user_id_2c6da4d4; Type: INDEX; Schema: public; Owner: admin123
--

CREATE INDEX "User_user_permissions_user_id_2c6da4d4" ON public."User_user_permissions" USING btree (user_id);


--
-- Name: auth_group_name_a6ea08ec_like; Type: INDEX; Schema: public; Owner: admin123
--

CREATE INDEX auth_group_name_a6ea08ec_like ON public.auth_group USING btree (name varchar_pattern_ops);


--
-- Name: auth_group_permissions_group_id_b120cbf9; Type: INDEX; Schema: public; Owner: admin123
--

CREATE INDEX auth_group_permissions_group_id_b120cbf9 ON public.auth_group_permissions USING btree (group_id);


--
-- Name: auth_group_permissions_permission_id_84c5c92e; Type: INDEX; Schema: public; Owner: admin123
--

CREATE INDEX auth_group_permissions_permission_id_84c5c92e ON public.auth_group_permissions USING btree (permission_id);


--
-- Name: auth_permission_content_type_id_2f476e4b; Type: INDEX; Schema: public; Owner: admin123
--

CREATE INDEX auth_permission_content_type_id_2f476e4b ON public.auth_permission USING btree (content_type_id);


--
-- Name: authtoken_token_key_10f0b77e_like; Type: INDEX; Schema: public; Owner: admin123
--

CREATE INDEX authtoken_token_key_10f0b77e_like ON public.authtoken_token USING btree (key varchar_pattern_ops);


--
-- Name: django_admin_log_content_type_id_c4bce8eb; Type: INDEX; Schema: public; Owner: admin123
--

CREATE INDEX django_admin_log_content_type_id_c4bce8eb ON public.django_admin_log USING btree (content_type_id);


--
-- Name: django_admin_log_user_id_c564eba6; Type: INDEX; Schema: public; Owner: admin123
--

CREATE INDEX django_admin_log_user_id_c564eba6 ON public.django_admin_log USING btree (user_id);


--
-- Name: django_session_expire_date_a5c62663; Type: INDEX; Schema: public; Owner: admin123
--

CREATE INDEX django_session_expire_date_a5c62663 ON public.django_session USING btree (expire_date);


--
-- Name: django_session_session_key_c0390e0f_like; Type: INDEX; Schema: public; Owner: admin123
--

CREATE INDEX django_session_session_key_c0390e0f_like ON public.django_session USING btree (session_key varchar_pattern_ops);


--
-- Name: rules_apiresonse_user_id_7c57dd89; Type: INDEX; Schema: public; Owner: admin123
--

CREATE INDEX rules_apiresonse_user_id_7c57dd89 ON public.rules_apiresonse USING btree (user_id);


--
-- Name: rules_dictionaryvariable_user_id_0829f204; Type: INDEX; Schema: public; Owner: admin123
--

CREATE INDEX rules_dictionaryvariable_user_id_0829f204 ON public.rules_dictionaryvariable USING btree (user_id);


--
-- Name: rules_totalrequest_user_id_00e2bf48; Type: INDEX; Schema: public; Owner: admin123
--

CREATE INDEX rules_totalrequest_user_id_00e2bf48 ON public.rules_totalrequest USING btree (user_id);


--
-- Name: rules_variablescorecard_user_id_26794e16; Type: INDEX; Schema: public; Owner: admin123
--

CREATE INDEX rules_variablescorecard_user_id_26794e16 ON public.rules_variablescorecard USING btree (user_id);


--
-- Name: CommonPassword CommonPassword_user_id_e8f92de6_fk_User_id; Type: FK CONSTRAINT; Schema: public; Owner: admin123
--

ALTER TABLE ONLY public."CommonPassword"
    ADD CONSTRAINT "CommonPassword_user_id_e8f92de6_fk_User_id" FOREIGN KEY (user_id) REFERENCES public."User"(id) DEFERRABLE INITIALLY DEFERRED;


--
-- Name: UserBasicDetails UserBasicDetails_user_id_30b684ce_fk_User_id; Type: FK CONSTRAINT; Schema: public; Owner: admin123
--

ALTER TABLE ONLY public."UserBasicDetails"
    ADD CONSTRAINT "UserBasicDetails_user_id_30b684ce_fk_User_id" FOREIGN KEY (user_id) REFERENCES public."User"(id) DEFERRABLE INITIALLY DEFERRED;


--
-- Name: User_groups User_groups_group_id_328392a3_fk_auth_group_id; Type: FK CONSTRAINT; Schema: public; Owner: admin123
--

ALTER TABLE ONLY public."User_groups"
    ADD CONSTRAINT "User_groups_group_id_328392a3_fk_auth_group_id" FOREIGN KEY (group_id) REFERENCES public.auth_group(id) DEFERRABLE INITIALLY DEFERRED;


--
-- Name: User_groups User_groups_user_id_8f675f72_fk_User_id; Type: FK CONSTRAINT; Schema: public; Owner: admin123
--

ALTER TABLE ONLY public."User_groups"
    ADD CONSTRAINT "User_groups_user_id_8f675f72_fk_User_id" FOREIGN KEY (user_id) REFERENCES public."User"(id) DEFERRABLE INITIALLY DEFERRED;


--
-- Name: User_user_permissions User_user_permission_permission_id_8e998ba4_fk_auth_perm; Type: FK CONSTRAINT; Schema: public; Owner: admin123
--

ALTER TABLE ONLY public."User_user_permissions"
    ADD CONSTRAINT "User_user_permission_permission_id_8e998ba4_fk_auth_perm" FOREIGN KEY (permission_id) REFERENCES public.auth_permission(id) DEFERRABLE INITIALLY DEFERRED;


--
-- Name: User_user_permissions User_user_permissions_user_id_2c6da4d4_fk_User_id; Type: FK CONSTRAINT; Schema: public; Owner: admin123
--

ALTER TABLE ONLY public."User_user_permissions"
    ADD CONSTRAINT "User_user_permissions_user_id_2c6da4d4_fk_User_id" FOREIGN KEY (user_id) REFERENCES public."User"(id) DEFERRABLE INITIALLY DEFERRED;


--
-- Name: auth_group_permissions auth_group_permissio_permission_id_84c5c92e_fk_auth_perm; Type: FK CONSTRAINT; Schema: public; Owner: admin123
--

ALTER TABLE ONLY public.auth_group_permissions
    ADD CONSTRAINT auth_group_permissio_permission_id_84c5c92e_fk_auth_perm FOREIGN KEY (permission_id) REFERENCES public.auth_permission(id) DEFERRABLE INITIALLY DEFERRED;


--
-- Name: auth_group_permissions auth_group_permissions_group_id_b120cbf9_fk_auth_group_id; Type: FK CONSTRAINT; Schema: public; Owner: admin123
--

ALTER TABLE ONLY public.auth_group_permissions
    ADD CONSTRAINT auth_group_permissions_group_id_b120cbf9_fk_auth_group_id FOREIGN KEY (group_id) REFERENCES public.auth_group(id) DEFERRABLE INITIALLY DEFERRED;


--
-- Name: auth_permission auth_permission_content_type_id_2f476e4b_fk_django_co; Type: FK CONSTRAINT; Schema: public; Owner: admin123
--

ALTER TABLE ONLY public.auth_permission
    ADD CONSTRAINT auth_permission_content_type_id_2f476e4b_fk_django_co FOREIGN KEY (content_type_id) REFERENCES public.django_content_type(id) DEFERRABLE INITIALLY DEFERRED;


--
-- Name: authtoken_token authtoken_token_user_id_35299eff_fk_User_id; Type: FK CONSTRAINT; Schema: public; Owner: admin123
--

ALTER TABLE ONLY public.authtoken_token
    ADD CONSTRAINT "authtoken_token_user_id_35299eff_fk_User_id" FOREIGN KEY (user_id) REFERENCES public."User"(id) DEFERRABLE INITIALLY DEFERRED;


--
-- Name: django_admin_log django_admin_log_content_type_id_c4bce8eb_fk_django_co; Type: FK CONSTRAINT; Schema: public; Owner: admin123
--

ALTER TABLE ONLY public.django_admin_log
    ADD CONSTRAINT django_admin_log_content_type_id_c4bce8eb_fk_django_co FOREIGN KEY (content_type_id) REFERENCES public.django_content_type(id) DEFERRABLE INITIALLY DEFERRED;


--
-- Name: django_admin_log django_admin_log_user_id_c564eba6_fk_User_id; Type: FK CONSTRAINT; Schema: public; Owner: admin123
--

ALTER TABLE ONLY public.django_admin_log
    ADD CONSTRAINT "django_admin_log_user_id_c564eba6_fk_User_id" FOREIGN KEY (user_id) REFERENCES public."User"(id) DEFERRABLE INITIALLY DEFERRED;


--
-- Name: rules_apiresonse rules_apiresonse_user_id_7c57dd89_fk_User_id; Type: FK CONSTRAINT; Schema: public; Owner: admin123
--

ALTER TABLE ONLY public.rules_apiresonse
    ADD CONSTRAINT "rules_apiresonse_user_id_7c57dd89_fk_User_id" FOREIGN KEY (user_id) REFERENCES public."User"(id) DEFERRABLE INITIALLY DEFERRED;


--
-- Name: rules_dictionaryvariable rules_dictionaryvariable_user_id_0829f204_fk_User_id; Type: FK CONSTRAINT; Schema: public; Owner: admin123
--

ALTER TABLE ONLY public.rules_dictionaryvariable
    ADD CONSTRAINT "rules_dictionaryvariable_user_id_0829f204_fk_User_id" FOREIGN KEY (user_id) REFERENCES public."User"(id) DEFERRABLE INITIALLY DEFERRED;


--
-- Name: rules_totalrequest rules_totalrequest_user_id_00e2bf48_fk_User_id; Type: FK CONSTRAINT; Schema: public; Owner: admin123
--

ALTER TABLE ONLY public.rules_totalrequest
    ADD CONSTRAINT "rules_totalrequest_user_id_00e2bf48_fk_User_id" FOREIGN KEY (user_id) REFERENCES public."User"(id) DEFERRABLE INITIALLY DEFERRED;


--
-- Name: rules_variablescorecard rules_variablescorecard_user_id_26794e16_fk_User_id; Type: FK CONSTRAINT; Schema: public; Owner: admin123
--

ALTER TABLE ONLY public.rules_variablescorecard
    ADD CONSTRAINT "rules_variablescorecard_user_id_26794e16_fk_User_id" FOREIGN KEY (user_id) REFERENCES public."User"(id) DEFERRABLE INITIALLY DEFERRED;


--
-- Name: SCHEMA public; Type: ACL; Schema: -; Owner: azure_pg_admin
--

REVOKE ALL ON SCHEMA public FROM azuresu;
REVOKE ALL ON SCHEMA public FROM PUBLIC;
GRANT ALL ON SCHEMA public TO azure_pg_admin;
GRANT ALL ON SCHEMA public TO PUBLIC;


--
-- Name: FUNCTION pg_replication_origin_advance(text, pg_lsn); Type: ACL; Schema: pg_catalog; Owner: azuresu
--

GRANT ALL ON FUNCTION pg_catalog.pg_replication_origin_advance(text, pg_lsn) TO azure_pg_admin;


--
-- Name: FUNCTION pg_replication_origin_create(text); Type: ACL; Schema: pg_catalog; Owner: azuresu
--

GRANT ALL ON FUNCTION pg_catalog.pg_replication_origin_create(text) TO azure_pg_admin;


--
-- Name: FUNCTION pg_replication_origin_drop(text); Type: ACL; Schema: pg_catalog; Owner: azuresu
--

GRANT ALL ON FUNCTION pg_catalog.pg_replication_origin_drop(text) TO azure_pg_admin;


--
-- Name: FUNCTION pg_replication_origin_oid(text); Type: ACL; Schema: pg_catalog; Owner: azuresu
--

GRANT ALL ON FUNCTION pg_catalog.pg_replication_origin_oid(text) TO azure_pg_admin;


--
-- Name: FUNCTION pg_replication_origin_progress(text, boolean); Type: ACL; Schema: pg_catalog; Owner: azuresu
--

GRANT ALL ON FUNCTION pg_catalog.pg_replication_origin_progress(text, boolean) TO azure_pg_admin;


--
-- Name: FUNCTION pg_replication_origin_session_is_setup(); Type: ACL; Schema: pg_catalog; Owner: azuresu
--

GRANT ALL ON FUNCTION pg_catalog.pg_replication_origin_session_is_setup() TO azure_pg_admin;


--
-- Name: FUNCTION pg_replication_origin_session_progress(boolean); Type: ACL; Schema: pg_catalog; Owner: azuresu
--

GRANT ALL ON FUNCTION pg_catalog.pg_replication_origin_session_progress(boolean) TO azure_pg_admin;


--
-- Name: FUNCTION pg_replication_origin_session_reset(); Type: ACL; Schema: pg_catalog; Owner: azuresu
--

GRANT ALL ON FUNCTION pg_catalog.pg_replication_origin_session_reset() TO azure_pg_admin;


--
-- Name: FUNCTION pg_replication_origin_session_setup(text); Type: ACL; Schema: pg_catalog; Owner: azuresu
--

GRANT ALL ON FUNCTION pg_catalog.pg_replication_origin_session_setup(text) TO azure_pg_admin;


--
-- Name: FUNCTION pg_replication_origin_xact_reset(); Type: ACL; Schema: pg_catalog; Owner: azuresu
--

GRANT ALL ON FUNCTION pg_catalog.pg_replication_origin_xact_reset() TO azure_pg_admin;


--
-- Name: FUNCTION pg_replication_origin_xact_setup(pg_lsn, timestamp with time zone); Type: ACL; Schema: pg_catalog; Owner: azuresu
--

GRANT ALL ON FUNCTION pg_catalog.pg_replication_origin_xact_setup(pg_lsn, timestamp with time zone) TO azure_pg_admin;


--
-- Name: FUNCTION pg_show_replication_origin_status(OUT local_id oid, OUT external_id text, OUT remote_lsn pg_lsn, OUT local_lsn pg_lsn); Type: ACL; Schema: pg_catalog; Owner: azuresu
--

GRANT ALL ON FUNCTION pg_catalog.pg_show_replication_origin_status(OUT local_id oid, OUT external_id text, OUT remote_lsn pg_lsn, OUT local_lsn pg_lsn) TO azure_pg_admin;


--
-- Name: FUNCTION pg_stat_reset(); Type: ACL; Schema: pg_catalog; Owner: azuresu
--

GRANT ALL ON FUNCTION pg_catalog.pg_stat_reset() TO azure_pg_admin;


--
-- Name: FUNCTION pg_stat_reset_shared(text); Type: ACL; Schema: pg_catalog; Owner: azuresu
--

GRANT ALL ON FUNCTION pg_catalog.pg_stat_reset_shared(text) TO azure_pg_admin;


--
-- Name: FUNCTION pg_stat_reset_single_function_counters(oid); Type: ACL; Schema: pg_catalog; Owner: azuresu
--

GRANT ALL ON FUNCTION pg_catalog.pg_stat_reset_single_function_counters(oid) TO azure_pg_admin;


--
-- Name: FUNCTION pg_stat_reset_single_table_counters(oid); Type: ACL; Schema: pg_catalog; Owner: azuresu
--

GRANT ALL ON FUNCTION pg_catalog.pg_stat_reset_single_table_counters(oid) TO azure_pg_admin;


--
-- Name: COLUMN pg_config.name; Type: ACL; Schema: pg_catalog; Owner: azuresu
--

GRANT SELECT(name) ON TABLE pg_catalog.pg_config TO azure_pg_admin;


--
-- Name: COLUMN pg_config.setting; Type: ACL; Schema: pg_catalog; Owner: azuresu
--

GRANT SELECT(setting) ON TABLE pg_catalog.pg_config TO azure_pg_admin;


--
-- Name: COLUMN pg_hba_file_rules.line_number; Type: ACL; Schema: pg_catalog; Owner: azuresu
--

GRANT SELECT(line_number) ON TABLE pg_catalog.pg_hba_file_rules TO azure_pg_admin;


--
-- Name: COLUMN pg_hba_file_rules.type; Type: ACL; Schema: pg_catalog; Owner: azuresu
--

GRANT SELECT(type) ON TABLE pg_catalog.pg_hba_file_rules TO azure_pg_admin;


--
-- Name: COLUMN pg_hba_file_rules.database; Type: ACL; Schema: pg_catalog; Owner: azuresu
--

GRANT SELECT(database) ON TABLE pg_catalog.pg_hba_file_rules TO azure_pg_admin;


--
-- Name: COLUMN pg_hba_file_rules.user_name; Type: ACL; Schema: pg_catalog; Owner: azuresu
--

GRANT SELECT(user_name) ON TABLE pg_catalog.pg_hba_file_rules TO azure_pg_admin;


--
-- Name: COLUMN pg_hba_file_rules.address; Type: ACL; Schema: pg_catalog; Owner: azuresu
--

GRANT SELECT(address) ON TABLE pg_catalog.pg_hba_file_rules TO azure_pg_admin;


--
-- Name: COLUMN pg_hba_file_rules.netmask; Type: ACL; Schema: pg_catalog; Owner: azuresu
--

GRANT SELECT(netmask) ON TABLE pg_catalog.pg_hba_file_rules TO azure_pg_admin;


--
-- Name: COLUMN pg_hba_file_rules.auth_method; Type: ACL; Schema: pg_catalog; Owner: azuresu
--

GRANT SELECT(auth_method) ON TABLE pg_catalog.pg_hba_file_rules TO azure_pg_admin;


--
-- Name: COLUMN pg_hba_file_rules.options; Type: ACL; Schema: pg_catalog; Owner: azuresu
--

GRANT SELECT(options) ON TABLE pg_catalog.pg_hba_file_rules TO azure_pg_admin;


--
-- Name: COLUMN pg_hba_file_rules.error; Type: ACL; Schema: pg_catalog; Owner: azuresu
--

GRANT SELECT(error) ON TABLE pg_catalog.pg_hba_file_rules TO azure_pg_admin;


--
-- Name: COLUMN pg_replication_origin_status.local_id; Type: ACL; Schema: pg_catalog; Owner: azuresu
--

GRANT SELECT(local_id) ON TABLE pg_catalog.pg_replication_origin_status TO azure_pg_admin;


--
-- Name: COLUMN pg_replication_origin_status.external_id; Type: ACL; Schema: pg_catalog; Owner: azuresu
--

GRANT SELECT(external_id) ON TABLE pg_catalog.pg_replication_origin_status TO azure_pg_admin;


--
-- Name: COLUMN pg_replication_origin_status.remote_lsn; Type: ACL; Schema: pg_catalog; Owner: azuresu
--

GRANT SELECT(remote_lsn) ON TABLE pg_catalog.pg_replication_origin_status TO azure_pg_admin;


--
-- Name: COLUMN pg_replication_origin_status.local_lsn; Type: ACL; Schema: pg_catalog; Owner: azuresu
--

GRANT SELECT(local_lsn) ON TABLE pg_catalog.pg_replication_origin_status TO azure_pg_admin;


--
-- Name: COLUMN pg_statistic.starelid; Type: ACL; Schema: pg_catalog; Owner: azuresu
--

GRANT SELECT(starelid) ON TABLE pg_catalog.pg_statistic TO azure_pg_admin;


--
-- Name: COLUMN pg_statistic.staattnum; Type: ACL; Schema: pg_catalog; Owner: azuresu
--

GRANT SELECT(staattnum) ON TABLE pg_catalog.pg_statistic TO azure_pg_admin;


--
-- Name: COLUMN pg_statistic.stainherit; Type: ACL; Schema: pg_catalog; Owner: azuresu
--

GRANT SELECT(stainherit) ON TABLE pg_catalog.pg_statistic TO azure_pg_admin;


--
-- Name: COLUMN pg_statistic.stanullfrac; Type: ACL; Schema: pg_catalog; Owner: azuresu
--

GRANT SELECT(stanullfrac) ON TABLE pg_catalog.pg_statistic TO azure_pg_admin;


--
-- Name: COLUMN pg_statistic.stawidth; Type: ACL; Schema: pg_catalog; Owner: azuresu
--

GRANT SELECT(stawidth) ON TABLE pg_catalog.pg_statistic TO azure_pg_admin;


--
-- Name: COLUMN pg_statistic.stadistinct; Type: ACL; Schema: pg_catalog; Owner: azuresu
--

GRANT SELECT(stadistinct) ON TABLE pg_catalog.pg_statistic TO azure_pg_admin;


--
-- Name: COLUMN pg_statistic.stakind1; Type: ACL; Schema: pg_catalog; Owner: azuresu
--

GRANT SELECT(stakind1) ON TABLE pg_catalog.pg_statistic TO azure_pg_admin;


--
-- Name: COLUMN pg_statistic.stakind2; Type: ACL; Schema: pg_catalog; Owner: azuresu
--

GRANT SELECT(stakind2) ON TABLE pg_catalog.pg_statistic TO azure_pg_admin;


--
-- Name: COLUMN pg_statistic.stakind3; Type: ACL; Schema: pg_catalog; Owner: azuresu
--

GRANT SELECT(stakind3) ON TABLE pg_catalog.pg_statistic TO azure_pg_admin;


--
-- Name: COLUMN pg_statistic.stakind4; Type: ACL; Schema: pg_catalog; Owner: azuresu
--

GRANT SELECT(stakind4) ON TABLE pg_catalog.pg_statistic TO azure_pg_admin;


--
-- Name: COLUMN pg_statistic.stakind5; Type: ACL; Schema: pg_catalog; Owner: azuresu
--

GRANT SELECT(stakind5) ON TABLE pg_catalog.pg_statistic TO azure_pg_admin;


--
-- Name: COLUMN pg_statistic.staop1; Type: ACL; Schema: pg_catalog; Owner: azuresu
--

GRANT SELECT(staop1) ON TABLE pg_catalog.pg_statistic TO azure_pg_admin;


--
-- Name: COLUMN pg_statistic.staop2; Type: ACL; Schema: pg_catalog; Owner: azuresu
--

GRANT SELECT(staop2) ON TABLE pg_catalog.pg_statistic TO azure_pg_admin;


--
-- Name: COLUMN pg_statistic.staop3; Type: ACL; Schema: pg_catalog; Owner: azuresu
--

GRANT SELECT(staop3) ON TABLE pg_catalog.pg_statistic TO azure_pg_admin;


--
-- Name: COLUMN pg_statistic.staop4; Type: ACL; Schema: pg_catalog; Owner: azuresu
--

GRANT SELECT(staop4) ON TABLE pg_catalog.pg_statistic TO azure_pg_admin;


--
-- Name: COLUMN pg_statistic.staop5; Type: ACL; Schema: pg_catalog; Owner: azuresu
--

GRANT SELECT(staop5) ON TABLE pg_catalog.pg_statistic TO azure_pg_admin;


--
-- Name: COLUMN pg_statistic.stacoll1; Type: ACL; Schema: pg_catalog; Owner: azuresu
--

GRANT SELECT(stacoll1) ON TABLE pg_catalog.pg_statistic TO azure_pg_admin;


--
-- Name: COLUMN pg_statistic.stacoll2; Type: ACL; Schema: pg_catalog; Owner: azuresu
--

GRANT SELECT(stacoll2) ON TABLE pg_catalog.pg_statistic TO azure_pg_admin;


--
-- Name: COLUMN pg_statistic.stacoll3; Type: ACL; Schema: pg_catalog; Owner: azuresu
--

GRANT SELECT(stacoll3) ON TABLE pg_catalog.pg_statistic TO azure_pg_admin;


--
-- Name: COLUMN pg_statistic.stacoll4; Type: ACL; Schema: pg_catalog; Owner: azuresu
--

GRANT SELECT(stacoll4) ON TABLE pg_catalog.pg_statistic TO azure_pg_admin;


--
-- Name: COLUMN pg_statistic.stacoll5; Type: ACL; Schema: pg_catalog; Owner: azuresu
--

GRANT SELECT(stacoll5) ON TABLE pg_catalog.pg_statistic TO azure_pg_admin;


--
-- Name: COLUMN pg_statistic.stanumbers1; Type: ACL; Schema: pg_catalog; Owner: azuresu
--

GRANT SELECT(stanumbers1) ON TABLE pg_catalog.pg_statistic TO azure_pg_admin;


--
-- Name: COLUMN pg_statistic.stanumbers2; Type: ACL; Schema: pg_catalog; Owner: azuresu
--

GRANT SELECT(stanumbers2) ON TABLE pg_catalog.pg_statistic TO azure_pg_admin;


--
-- Name: COLUMN pg_statistic.stanumbers3; Type: ACL; Schema: pg_catalog; Owner: azuresu
--

GRANT SELECT(stanumbers3) ON TABLE pg_catalog.pg_statistic TO azure_pg_admin;


--
-- Name: COLUMN pg_statistic.stanumbers4; Type: ACL; Schema: pg_catalog; Owner: azuresu
--

GRANT SELECT(stanumbers4) ON TABLE pg_catalog.pg_statistic TO azure_pg_admin;


--
-- Name: COLUMN pg_statistic.stanumbers5; Type: ACL; Schema: pg_catalog; Owner: azuresu
--

GRANT SELECT(stanumbers5) ON TABLE pg_catalog.pg_statistic TO azure_pg_admin;


--
-- Name: COLUMN pg_statistic.stavalues1; Type: ACL; Schema: pg_catalog; Owner: azuresu
--

GRANT SELECT(stavalues1) ON TABLE pg_catalog.pg_statistic TO azure_pg_admin;


--
-- Name: COLUMN pg_statistic.stavalues2; Type: ACL; Schema: pg_catalog; Owner: azuresu
--

GRANT SELECT(stavalues2) ON TABLE pg_catalog.pg_statistic TO azure_pg_admin;


--
-- Name: COLUMN pg_statistic.stavalues3; Type: ACL; Schema: pg_catalog; Owner: azuresu
--

GRANT SELECT(stavalues3) ON TABLE pg_catalog.pg_statistic TO azure_pg_admin;


--
-- Name: COLUMN pg_statistic.stavalues4; Type: ACL; Schema: pg_catalog; Owner: azuresu
--

GRANT SELECT(stavalues4) ON TABLE pg_catalog.pg_statistic TO azure_pg_admin;


--
-- Name: COLUMN pg_statistic.stavalues5; Type: ACL; Schema: pg_catalog; Owner: azuresu
--

GRANT SELECT(stavalues5) ON TABLE pg_catalog.pg_statistic TO azure_pg_admin;


--
-- Name: COLUMN pg_subscription.oid; Type: ACL; Schema: pg_catalog; Owner: azuresu
--

GRANT SELECT(oid) ON TABLE pg_catalog.pg_subscription TO azure_pg_admin;


--
-- Name: COLUMN pg_subscription.subdbid; Type: ACL; Schema: pg_catalog; Owner: azuresu
--

GRANT SELECT(subdbid) ON TABLE pg_catalog.pg_subscription TO azure_pg_admin;


--
-- Name: COLUMN pg_subscription.subname; Type: ACL; Schema: pg_catalog; Owner: azuresu
--

GRANT SELECT(subname) ON TABLE pg_catalog.pg_subscription TO azure_pg_admin;


--
-- Name: COLUMN pg_subscription.subowner; Type: ACL; Schema: pg_catalog; Owner: azuresu
--

GRANT SELECT(subowner) ON TABLE pg_catalog.pg_subscription TO azure_pg_admin;


--
-- Name: COLUMN pg_subscription.subenabled; Type: ACL; Schema: pg_catalog; Owner: azuresu
--

GRANT SELECT(subenabled) ON TABLE pg_catalog.pg_subscription TO azure_pg_admin;


--
-- Name: COLUMN pg_subscription.subconninfo; Type: ACL; Schema: pg_catalog; Owner: azuresu
--

GRANT SELECT(subconninfo) ON TABLE pg_catalog.pg_subscription TO azure_pg_admin;


--
-- Name: COLUMN pg_subscription.subslotname; Type: ACL; Schema: pg_catalog; Owner: azuresu
--

GRANT SELECT(subslotname) ON TABLE pg_catalog.pg_subscription TO azure_pg_admin;


--
-- Name: COLUMN pg_subscription.subsynccommit; Type: ACL; Schema: pg_catalog; Owner: azuresu
--

GRANT SELECT(subsynccommit) ON TABLE pg_catalog.pg_subscription TO azure_pg_admin;


--
-- Name: COLUMN pg_subscription.subpublications; Type: ACL; Schema: pg_catalog; Owner: azuresu
--

GRANT SELECT(subpublications) ON TABLE pg_catalog.pg_subscription TO azure_pg_admin;


--
-- PostgreSQL database dump complete
--

