[
  {
    "id": 43,
    "variable_name": "scorecredolab",
    "bucket_number": 5,
    "bucket_label": "867,900",
    "min_val": 867.0,
    "max_val": 900.0,
    "score": 6.0,
    "created_date": "2023-08-02 08:14:48",
    "user_id": 2,
    "variable_display_name": "Score Credolab"
  },
  {
    "id": 44,
    "variable_name": "scorecredolab",
    "bucket_number": 6,
    "bucket_label": "900,inf",
    "min_val": 900.0,
    "max_val": 9000.0,
    "score": 7.0,
    "created_date": "2023-08-02 08:15:18",
    "user_id": 2,
    "variable_display_name": "Score Credolab"
  },
  {
    "id": 6,
    "variable_name": "transactionmonths",
    "bucket_number": 6,
    "bucket_label": "12,12000",
    "min_val": 12.0,
    "max_val": 1200.0,
    "score": 180.0,
    "created_date": "2023-07-31 17:43:13",
    "user_id": 2,
    "variable_display_name": "Transactions months"
  },
  {
    "id": 40,
    "variable_name": "scorecredolab",
    "bucket_number": 2,
    "bucket_label": "728,776",
    "min_val": 728.0,
    "max_val": 776.0,
    "score": 3.0,
    "created_date": "2023-08-02 07:32:54",
    "user_id": 2,
    "variable_display_name": "Score Credolab"
  },
  {
    "id": 46,
    "variable_name": "remittancerecieved",
    "bucket_number": 2,
    "bucket_label": "1,1.25",
    "min_val": 1.0,
    "max_val": 1.25,
    "score": 15.0,
    "created_date": "2023-08-02 08:22:37",
    "user_id": 2,
    "variable_display_name": "Remittance received"
  },
  {
    "id": 16,
    "variable_name": "age",
    "bucket_number": 1,
    "bucket_label": "18,25",
    "min_val": 18.0,
    "max_val": 25.0,
    "score": 1000.0,
    "created_date": "2023-08-01 12:45:22",
    "user_id": 2,
    "variable_display_name": "Age"
  },
  {
    "id": 3,
    "variable_name": "transactionmonths",
    "bucket_number": 3,
    "bucket_label": "9,10",
    "min_val": 9.0,
    "max_val": 10.0,
    "score": 82.0,
    "created_date": "2023-07-31 17:41:09",
    "user_id": 2,
    "variable_display_name": "Transactions months"
  },
  {
    "id": 4,
    "variable_name": "transactionmonths",
    "bucket_number": 4,
    "bucket_label": "10,11",
    "min_val": 10.0,
    "max_val": 11.0,
    "score": 104.0,
    "created_date": "2023-07-31 17:42:00",
    "user_id": 2,
    "variable_display_name": "Transactions months"
  },
  {
    "id": 41,
    "variable_name": "scorecredolab",
    "bucket_number": 3,
    "bucket_label": "776,824",
    "min_val": 776.0,
    "max_val": 824.0,
    "score": 4.0,
    "created_date": "2023-08-02 08:13:20",
    "user_id": 2,
    "variable_display_name": "Score Credolab"
  },
  {
    "id": 7,
    "variable_name": "clientsenioritya",
    "bucket_number": 1,
    "bucket_label": "6,12",
    "min_val": 6.0,
    "max_val": 12.0,
    "score": 10.0,
    "created_date": "2023-07-31 17:45:25",
    "user_id": 2,
    "variable_display_name": "Client seniority Airpak"
  },
  {
    "id": 8,
    "variable_name": "clientsenioritya",
    "bucket_number": 2,
    "bucket_label": "12,18",
    "min_val": 12.0,
    "max_val": 18.0,
    "score": 28.0,
    "created_date": "2023-07-31 17:45:55",
    "user_id": 2,
    "variable_display_name": "Client seniority Airpak"
  },
  {
    "id": 9,
    "variable_name": "clientsenioritya",
    "bucket_number": 3,
    "bucket_label": "18,24",
    "min_val": 18.0,
    "max_val": 24.0,
    "score": 45.0,
    "created_date": "2023-07-31 17:46:30",
    "user_id": 2,
    "variable_display_name": "Client seniority Airpak"
  },
  {
    "id": 11,
    "variable_name": "clientsenioritya",
    "bucket_number": 5,
    "bucket_label": "30,36",
    "min_val": 30.0,
    "max_val": 36.0,
    "score": 80.0,
    "created_date": "2023-07-31 17:47:47",
    "user_id": 2,
    "variable_display_name": "Client seniority Airpak"
  },
  {
    "id": 12,
    "variable_name": "clientsenioritya",
    "bucket_number": 6,
    "bucket_label": "36,42",
    "min_val": 36.0,
    "max_val": 42.0,
    "score": 98.0,
    "created_date": "2023-07-31 17:48:28",
    "user_id": 2,
    "variable_display_name": "Client seniority Airpak"
  },
  {
    "id": 13,
    "variable_name": "clientsenioritya",
    "bucket_number": 7,
    "bucket_label": "42,48",
    "min_val": 42.0,
    "max_val": 48.0,
    "score": 115.0,
    "created_date": "2023-07-31 17:49:04",
    "user_id": 2,
    "variable_display_name": "Client seniority Airpak"
  },
  {
    "id": 15,
    "variable_name": "clientsenioritya",
    "bucket_number": 9,
    "bucket_label": "54,5400",
    "min_val": 54.0,
    "max_val": 5400.0,
    "score": 151.0,
    "created_date": "2023-07-31 17:50:25",
    "user_id": 2,
    "variable_display_name": "Client seniority Airpak"
  },
  {
    "id": 18,
    "variable_name": "age",
    "bucket_number": 3,
    "bucket_label": "30,35",
    "min_val": 30.0,
    "max_val": 35.0,
    "score": 1000.0,
    "created_date": "2023-08-02 07:05:38",
    "user_id": 2,
    "variable_display_name": "Age"
  },
  {
    "id": 19,
    "variable_name": "age",
    "bucket_number": 4,
    "bucket_label": "35,40",
    "min_val": 35.0,
    "max_val": 40.0,
    "score": 1000.0,
    "created_date": "2023-08-02 07:06:20",
    "user_id": 2,
    "variable_display_name": "Age"
  },
  {
    "id": 20,
    "variable_name": "age",
    "bucket_number": 5,
    "bucket_label": "40,50",
    "min_val": 40.0,
    "max_val": 45.0,
    "score": 1000.0,
    "created_date": "2023-08-02 07:06:46",
    "user_id": 2,
    "variable_display_name": "Age"
  },
  {
    "id": 21,
    "variable_name": "age",
    "bucket_number": 6,
    "bucket_label": "50,65",
    "min_val": 50.0,
    "max_val": 65.0,
    "score": 1000.0,
    "created_date": "2023-08-02 07:07:36",
    "user_id": 2,
    "variable_display_name": "Age"
  },
  {
    "id": 22,
    "variable_name": "age",
    "bucket_number": 7,
    "bucket_label": "65,inf",
    "min_val": 65.0,
    "max_val": 650.0,
    "score": 1000.0,
    "created_date": "2023-08-02 07:08:04",
    "user_id": 2,
    "variable_display_name": "Age"
  },
  {
    "id": 2,
    "variable_name": "transactionmonths",
    "bucket_number": 2,
    "bucket_label": "8,9",
    "min_val": 8.0,
    "max_val": 9.0,
    "score": 51.0,
    "created_date": "2023-07-31 17:40:23",
    "user_id": 2,
    "variable_display_name": "Transactions months"
  },
  {
    "id": 61,
    "variable_name": "clientseniorityc",
    "bucket_number": 2,
    "bucket_label": "3,6",
    "min_val": 3.0,
    "max_val": 6.0,
    "score": 22.0,
    "created_date": "2023-08-03 10:55:45",
    "user_id": 2,
    "variable_display_name": "Client seniority Cashpak"
  },
  {
    "id": 24,
    "variable_name": "scorebureau",
    "bucket_number": 1,
    "bucket_label": "650,728",
    "min_val": 650.0,
    "max_val": 728.0,
    "score": 50.0,
    "created_date": "2023-08-02 07:12:02",
    "user_id": 2,
    "variable_display_name": "Score bureau"
  },
  {
    "id": 25,
    "variable_name": "scorebureau",
    "bucket_number": 2,
    "bucket_label": "728,776",
    "min_val": 728.0,
    "max_val": 776.0,
    "score": 69.0,
    "created_date": "2023-08-02 07:16:36",
    "user_id": 2,
    "variable_display_name": "Score bureau"
  },
  {
    "id": 26,
    "variable_name": "scorebureau",
    "bucket_number": 3,
    "bucket_label": "776,824",
    "min_val": 776.0,
    "max_val": 824.0,
    "score": 83.0,
    "created_date": "2023-08-02 07:17:38",
    "user_id": 2,
    "variable_display_name": "Score bureau"
  },
  {
    "id": 27,
    "variable_name": "scorebureau",
    "bucket_number": 4,
    "bucket_label": "824,867",
    "min_val": 824.0,
    "max_val": 867.0,
    "score": 93.0,
    "created_date": "2023-08-02 07:18:20",
    "user_id": 2,
    "variable_display_name": "Score bureau"
  },
  {
    "id": 29,
    "variable_name": "scorebureau",
    "bucket_number": 6,
    "bucket_label": "900,inf",
    "min_val": 900.0,
    "max_val": 10000.0,
    "score": 125.0,
    "created_date": "2023-08-02 07:19:27",
    "user_id": 2,
    "variable_display_name": "Score bureau"
  },
  {
    "id": 30,
    "variable_name": "scorebureau",
    "bucket_number": 7,
    "bucket_label": "NA,NA",
    "min_val": 0.0,
    "max_val": 0.0,
    "score": 87.0,
    "created_date": "2023-08-02 07:20:39",
    "user_id": 2,
    "variable_display_name": "Score bureau"
  },
  {
    "id": 31,
    "variable_name": "scorebureau",
    "bucket_number": 8,
    "bucket_label": "NA,NA",
    "min_val": 0.0,
    "max_val": 0.0,
    "score": 125.0,
    "created_date": "2023-08-02 07:21:09",
    "user_id": 2,
    "variable_display_name": "Score bureau"
  },
  {
    "id": 32,
    "variable_name": "cluster",
    "bucket_number": 1,
    "bucket_label": "NI 4 Preferencial",
    "min_val": 0.0,
    "max_val": 0.0,
    "score": 100.0,
    "created_date": "2023-08-02 07:22:23",
    "user_id": 2,
    "variable_display_name": "Cluster"
  },
  {
    "id": 33,
    "variable_name": "cluster",
    "bucket_number": 2,
    "bucket_label": "NI 3 Alto Potencial",
    "min_val": 0.0,
    "max_val": 0.0,
    "score": 82.0,
    "created_date": "2023-08-02 07:27:00",
    "user_id": 2,
    "variable_display_name": "Cluster"
  },
  {
    "id": 34,
    "variable_name": "cluster",
    "bucket_number": 3,
    "bucket_label": "NI 2 Personal",
    "min_val": 0.0,
    "max_val": 0.0,
    "score": 64.0,
    "created_date": "2023-08-02 07:27:35",
    "user_id": 2,
    "variable_display_name": "Cluster"
  },
  {
    "id": 36,
    "variable_name": "cluster",
    "bucket_number": 5,
    "bucket_label": "NI 0 En Desarrollo",
    "min_val": 0.0,
    "max_val": 0.0,
    "score": 28.0,
    "created_date": "2023-08-02 07:28:37",
    "user_id": 2,
    "variable_display_name": "Cluster"
  },
  {
    "id": 37,
    "variable_name": "cluster",
    "bucket_number": 6,
    "bucket_label": "NI 6 Nuevo",
    "min_val": 0.0,
    "max_val": 0.0,
    "score": 10.0,
    "created_date": "2023-08-02 07:29:09",
    "user_id": 2,
    "variable_display_name": "Cluster"
  },
  {
    "id": 38,
    "variable_name": "cluster",
    "bucket_number": 7,
    "bucket_label": "Not in list",
    "min_val": 0.0,
    "max_val": 0.0,
    "score": 10.0,
    "created_date": "2023-08-02 07:29:44",
    "user_id": 2,
    "variable_display_name": "Cluster"
  },
  {
    "id": 42,
    "variable_name": "scorecredolab",
    "bucket_number": 4,
    "bucket_label": "824,867",
    "min_val": 824.0,
    "max_val": 867.0,
    "score": 5.0,
    "created_date": "2023-08-02 08:14:11",
    "user_id": 2,
    "variable_display_name": "Score Credolab"
  },
  {
    "id": 47,
    "variable_name": "remittancerecieved",
    "bucket_number": 3,
    "bucket_label": "1.25,1.5",
    "min_val": 1.25,
    "max_val": 1.5,
    "score": 21.0,
    "created_date": "2023-08-02 08:23:12",
    "user_id": 2,
    "variable_display_name": "Remittance received"
  },
  {
    "id": 48,
    "variable_name": "remittancerecieved",
    "bucket_number": 4,
    "bucket_label": "1.5,1.75",
    "min_val": 1.5,
    "max_val": 1.75,
    "score": 26.0,
    "created_date": "2023-08-02 08:23:40",
    "user_id": 2,
    "variable_display_name": "Remittance received"
  },
  {
    "id": 49,
    "variable_name": "remittancerecieved",
    "bucket_number": 5,
    "bucket_label": "1.75,2",
    "min_val": 1.75,
    "max_val": 2.0,
    "score": 32.0,
    "created_date": "2023-08-02 08:24:21",
    "user_id": 2,
    "variable_display_name": "Remittance received"
  },
  {
    "id": 51,
    "variable_name": "remittancerecieved",
    "bucket_number": 7,
    "bucket_label": "2.25,2.5",
    "min_val": 2.25,
    "max_val": 2.5,
    "score": 42.0,
    "created_date": "2023-08-02 08:25:19",
    "user_id": 2,
    "variable_display_name": "Remittance received"
  },
  {
    "id": 52,
    "variable_name": "remittancerecieved",
    "bucket_number": 8,
    "bucket_label": "2.5,2.75",
    "min_val": 2.5,
    "max_val": 2.75,
    "score": 48.0,
    "created_date": "2023-08-02 08:27:11",
    "user_id": 2,
    "variable_display_name": "Remittance received"
  },
  {
    "id": 53,
    "variable_name": "remittancerecieved",
    "bucket_number": 9,
    "bucket_label": "2.75,3",
    "min_val": 2.75,
    "max_val": 3.0,
    "score": 53.0,
    "created_date": "2023-08-02 08:27:40",
    "user_id": 2,
    "variable_display_name": "Remittance received"
  },
  {
    "id": 55,
    "variable_name": "remittancerecieved",
    "bucket_number": 11,
    "bucket_label": "3.25,3.5",
    "min_val": 3.25,
    "max_val": 3.5,
    "score": 64.0,
    "created_date": "2023-08-03 10:42:42",
    "user_id": 2,
    "variable_display_name": "Remittance received"
  },
  {
    "id": 56,
    "variable_name": "remittancerecieved",
    "bucket_number": 12,
    "bucket_label": "3.5,3.75",
    "min_val": 3.5,
    "max_val": 3.75,
    "score": 69.0,
    "created_date": "2023-08-03 10:51:27",
    "user_id": 2,
    "variable_display_name": "Remittance received"
  },
  {
    "id": 57,
    "variable_name": "remittancerecieved",
    "bucket_number": 13,
    "bucket_label": "3.75,4",
    "min_val": 3.75,
    "max_val": 4.0,
    "score": 75.0,
    "created_date": "2023-08-03 10:52:01",
    "user_id": 2,
    "variable_display_name": "Remittance received"
  },
  {
    "id": 58,
    "variable_name": "remittancerecieved",
    "bucket_number": 14,
    "bucket_label": "4,inf",
    "min_val": 4.0,
    "max_val": 40.0,
    "score": 80.0,
    "created_date": "2023-08-03 10:52:44",
    "user_id": 2,
    "variable_display_name": "Remittance received"
  },
  {
    "id": 64,
    "variable_name": "clientseniorityc",
    "bucket_number": 5,
    "bucket_label": "18,24",
    "min_val": 18.0,
    "max_val": 24.0,
    "score": 58.0,
    "created_date": "2023-08-03 10:59:48",
    "user_id": 2,
    "variable_display_name": "Client seniority Cashpak"
  },
  {
    "id": 65,
    "variable_name": "clientseniorityc",
    "bucket_number": 6,
    "bucket_label": "24,inf",
    "min_val": 24.0,
    "max_val": 240.0,
    "score": 70.0,
    "created_date": "2023-08-03 11:07:55",
    "user_id": 2,
    "variable_display_name": "Client seniority Cashpak"
  },
  {
    "id": 66,
    "variable_name": "remittancesent",
    "bucket_number": 1,
    "bucket_label": "0,1",
    "min_val": 0.0,
    "max_val": 1.0,
    "score": 10.0,
    "created_date": "2023-08-04 05:32:58",
    "user_id": 2,
    "variable_display_name": "Remittance sent"
  },
  {
    "id": 17,
    "variable_name": "age",
    "bucket_number": 2,
    "bucket_label": "25,30",
    "min_val": 25.0,
    "max_val": 30.0,
    "score": 1000.0,
    "created_date": "2023-08-01 12:46:33",
    "user_id": 2,
    "variable_display_name": "Age"
  },
  {
    "id": 63,
    "variable_name": "clientseniorityc",
    "bucket_number": 4,
    "bucket_label": "12,18",
    "min_val": 12.0,
    "max_val": 18.0,
    "score": 46.0,
    "created_date": "2023-08-03 10:58:49",
    "user_id": 2,
    "variable_display_name": "Client seniority Cashpak"
  },
  {
    "id": 68,
    "variable_name": "remittancesent",
    "bucket_number": 3,
    "bucket_label": "1.25,1.5",
    "min_val": 1.25,
    "max_val": 1.5,
    "score": 16.0,
    "created_date": "2023-08-04 05:33:50",
    "user_id": 2,
    "variable_display_name": "Remittance sent"
  },
  {
    "id": 69,
    "variable_name": "remittancesent",
    "bucket_number": 4,
    "bucket_label": "1.5,1.75",
    "min_val": 1.5,
    "max_val": 1.75,
    "score": 19.0,
    "created_date": "2023-08-04 05:34:21",
    "user_id": 2,
    "variable_display_name": "Remittance sent"
  },
  {
    "id": 70,
    "variable_name": "remittancesent",
    "bucket_number": 5,
    "bucket_label": "1.75,2",
    "min_val": 1.75,
    "max_val": 2.0,
    "score": 22.0,
    "created_date": "2023-08-04 05:35:01",
    "user_id": 2,
    "variable_display_name": "Remittance sent"
  },
  {
    "id": 71,
    "variable_name": "remittancesent",
    "bucket_number": 6,
    "bucket_label": "2,2.25",
    "min_val": 2.0,
    "max_val": 2.25,
    "score": 25.0,
    "created_date": "2023-08-04 05:35:38",
    "user_id": 2,
    "variable_display_name": "Remittance sent"
  },
  {
    "id": 73,
    "variable_name": "remittancesent",
    "bucket_number": 8,
    "bucket_label": "2.5,2.75",
    "min_val": 2.5,
    "max_val": 2.75,
    "score": 32.0,
    "created_date": "2023-08-04 05:57:47",
    "user_id": 2,
    "variable_display_name": "Remittance sent"
  },
  {
    "id": 74,
    "variable_name": "remittancesent",
    "bucket_number": 9,
    "bucket_label": "2.75,3",
    "min_val": 2.75,
    "max_val": 3.0,
    "score": 36.0,
    "created_date": "2023-08-04 05:58:26",
    "user_id": 2,
    "variable_display_name": "Remittance sent"
  },
  {
    "id": 75,
    "variable_name": "remittancesent",
    "bucket_number": 10,
    "bucket_label": "3,3.25",
    "min_val": 3.0,
    "max_val": 3.25,
    "score": 38.0,
    "created_date": "2023-08-04 05:59:02",
    "user_id": 2,
    "variable_display_name": "Remittance sent"
  },
  {
    "id": 76,
    "variable_name": "remittancesent",
    "bucket_number": 11,
    "bucket_label": "3.25,3.5",
    "min_val": 3.25,
    "max_val": 3.5,
    "score": 41.0,
    "created_date": "2023-08-04 06:00:25",
    "user_id": 2,
    "variable_display_name": "Remittance sent"
  },
  {
    "id": 77,
    "variable_name": "remittancesent",
    "bucket_number": 12,
    "bucket_label": "3.5,3.75",
    "min_val": 3.5,
    "max_val": 3.75,
    "score": 44.0,
    "created_date": "2023-08-04 06:01:21",
    "user_id": 2,
    "variable_display_name": "Remittance sent"
  },
  {
    "id": 79,
    "variable_name": "remittancesent",
    "bucket_number": 14,
    "bucket_label": "4,inf",
    "min_val": 4.0,
    "max_val": 40.0,
    "score": 50.0,
    "created_date": "2023-08-04 06:03:16",
    "user_id": 2,
    "variable_display_name": "Remittance sent"
  },
  {
    "id": 80,
    "variable_name": "posvisited",
    "bucket_number": 1,
    "bucket_label": "1,2",
    "min_val": 1.0,
    "max_val": 2.0,
    "score": 10.0,
    "created_date": "2023-08-04 06:04:08",
    "user_id": 2,
    "variable_display_name": "POS visited"
  },
  {
    "id": 81,
    "variable_name": "posvisited",
    "bucket_number": 2,
    "bucket_label": "2,3",
    "min_val": 2.0,
    "max_val": 3.0,
    "score": 20.0,
    "created_date": "2023-08-04 06:07:38",
    "user_id": 2,
    "variable_display_name": "POS visited"
  },
  {
    "id": 82,
    "variable_name": "posvisited",
    "bucket_number": 3,
    "bucket_label": "3,4",
    "min_val": 3.0,
    "max_val": 4.0,
    "score": 30.0,
    "created_date": "2023-08-04 06:08:02",
    "user_id": 2,
    "variable_display_name": "POS visited"
  },
  {
    "id": 83,
    "variable_name": "posvisited",
    "bucket_number": 4,
    "bucket_label": "4,inf",
    "min_val": 4.0,
    "max_val": 40.0,
    "score": 40.0,
    "created_date": "2023-08-04 06:09:14",
    "user_id": 2,
    "variable_display_name": "POS visited"
  },
  {
    "id": 39,
    "variable_name": "scorecredolab",
    "bucket_number": 1,
    "bucket_label": "650,728",
    "min_val": 650.0,
    "max_val": 728.0,
    "score": 1.0,
    "created_date": "2023-08-02 07:30:16",
    "user_id": 2,
    "variable_display_name": "Score Credolab"
  },
  {
    "id": 96,
    "variable_name": "gender",
    "bucket_number": 1,
    "bucket_label": "M",
    "min_val": 0.0,
    "max_val": 0.0,
    "score": 1000.0,
    "created_date": "2023-08-04 06:24:04",
    "user_id": 2,
    "variable_display_name": "Gender"
  },
  {
    "id": 97,
    "variable_name": "gender",
    "bucket_number": 2,
    "bucket_label": "F",
    "min_val": 0.0,
    "max_val": 0.0,
    "score": 1000.0,
    "created_date": "2023-08-04 06:24:53",
    "user_id": 2,
    "variable_display_name": "Gender"
  },
  {
    "id": 98,
    "variable_name": "gender",
    "bucket_number": 3,
    "bucket_label": "Not in list",
    "min_val": 0.0,
    "max_val": 0.0,
    "score": 1000.0,
    "created_date": "2023-08-04 06:43:03",
    "user_id": 2,
    "variable_display_name": "Gender"
  },
  {
    "id": 10,
    "variable_name": "clientsenioritya",
    "bucket_number": 4,
    "bucket_label": "24,30",
    "min_val": 24.0,
    "max_val": 30.0,
    "score": 63.0,
    "created_date": "2023-07-31 17:47:08",
    "user_id": 2,
    "variable_display_name": "Client seniority Airpak"
  },
  {
    "id": 14,
    "variable_name": "clientsenioritya",
    "bucket_number": 8,
    "bucket_label": "48,54",
    "min_val": 48.0,
    "max_val": 54.0,
    "score": 133.0,
    "created_date": "2023-07-31 17:49:45",
    "user_id": 2,
    "variable_display_name": "Client seniority Airpak"
  },
  {
    "id": 23,
    "variable_name": "scorebureau",
    "bucket_number": 0,
    "bucket_label": "level_0",
    "min_val": 0.0,
    "max_val": 0.0,
    "score": 87.0,
    "created_date": "2023-08-02 07:08:46",
    "user_id": 2,
    "variable_display_name": "Score bureau"
  },
  {
    "id": 28,
    "variable_name": "scorebureau",
    "bucket_number": 5,
    "bucket_label": "867,900",
    "min_val": 867.0,
    "max_val": 900.0,
    "score": 101.0,
    "created_date": "2023-08-02 07:18:52",
    "user_id": 2,
    "variable_display_name": "Score bureau"
  },
  {
    "id": 35,
    "variable_name": "cluster",
    "bucket_number": 4,
    "bucket_label": "NI 1 Pago Prolongado",
    "min_val": 0.0,
    "max_val": 0.0,
    "score": 46.0,
    "created_date": "2023-08-02 07:28:10",
    "user_id": 2,
    "variable_display_name": "Cluster"
  },
  {
    "id": 45,
    "variable_name": "remittancerecieved",
    "bucket_number": 1,
    "bucket_label": "0,1",
    "min_val": 0.0,
    "max_val": 1.0,
    "score": 10.0,
    "created_date": "2023-08-02 08:15:51",
    "user_id": 2,
    "variable_display_name": "Remittance received"
  },
  {
    "id": 50,
    "variable_name": "remittancerecieved",
    "bucket_number": 6,
    "bucket_label": "2,2.25",
    "min_val": 2.0,
    "max_val": 2.25,
    "score": 37.0,
    "created_date": "2023-08-02 08:24:49",
    "user_id": 2,
    "variable_display_name": "Remittance received"
  },
  {
    "id": 54,
    "variable_name": "remittancerecieved",
    "bucket_number": 10,
    "bucket_label": "3,3.25",
    "min_val": 3.0,
    "max_val": 3.25,
    "score": 58.0,
    "created_date": "2023-08-03 10:42:15",
    "user_id": 2,
    "variable_display_name": "Remittance received"
  },
  {
    "id": 59,
    "variable_name": "remittancerecieved",
    "bucket_number": 15,
    "bucket_label": "na,na",
    "min_val": 0.0,
    "max_val": 0.0,
    "score": 10.0,
    "created_date": "2023-08-03 10:53:48",
    "user_id": 2,
    "variable_display_name": "Remittance received"
  },
  {
    "id": 90,
    "variable_name": "maritalstatus",
    "bucket_number": 1,
    "bucket_label": "S",
    "min_val": 0.0,
    "max_val": 0.0,
    "score": 1.0,
    "created_date": "2023-08-04 06:16:02",
    "user_id": 2,
    "variable_display_name": "Marital Status"
  },
  {
    "id": 91,
    "variable_name": "maritalstatus",
    "bucket_number": 2,
    "bucket_label": "D",
    "min_val": 0.0,
    "max_val": 0.0,
    "score": 2.0,
    "created_date": "2023-08-04 06:18:25",
    "user_id": 2,
    "variable_display_name": "Marital Status"
  },
  {
    "id": 92,
    "variable_name": "maritalstatus",
    "bucket_number": 3,
    "bucket_label": "C",
    "min_val": 0.0,
    "max_val": 0.0,
    "score": 3.0,
    "created_date": "2023-08-04 06:18:58",
    "user_id": 2,
    "variable_display_name": "Marital Status"
  },
  {
    "id": 93,
    "variable_name": "maritalstatus",
    "bucket_number": 4,
    "bucket_label": "U",
    "min_val": 0.0,
    "max_val": 0.0,
    "score": 4.0,
    "created_date": "2023-08-04 06:19:22",
    "user_id": 2,
    "variable_display_name": "Marital Status"
  },
  {
    "id": 94,
    "variable_name": "maritalstatus",
    "bucket_number": 5,
    "bucket_label": "V",
    "min_val": 0.0,
    "max_val": 0.0,
    "score": 5.0,
    "created_date": "2023-08-04 06:23:04",
    "user_id": 2,
    "variable_display_name": "Marital Status"
  },
  {
    "id": 95,
    "variable_name": "maritalstatus",
    "bucket_number": 6,
    "bucket_label": "Not in list",
    "min_val": 0.0,
    "max_val": 0.0,
    "score": 6.0,
    "created_date": "2023-08-04 06:23:27",
    "user_id": 2,
    "variable_display_name": "Marital Status"
  },
  {
    "id": 60,
    "variable_name": "clientseniorityc",
    "bucket_number": 1,
    "bucket_label": "0,3",
    "min_val": 0.0,
    "max_val": 3.0,
    "score": 11.0,
    "created_date": "2023-08-03 10:55:22",
    "user_id": 2,
    "variable_display_name": "Client seniority Cashpak"
  },
  {
    "id": 62,
    "variable_name": "clientseniorityc",
    "bucket_number": 2,
    "bucket_label": "3,6",
    "min_val": 3.0,
    "max_val": 6.0,
    "score": 22.0,
    "created_date": "2023-08-03 10:56:15",
    "user_id": 2,
    "variable_display_name": "Client seniority Cashpak"
  },
  {
    "id": 84,
    "variable_name": "dayslastremittance",
    "bucket_number": 1,
    "bucket_label": "1,10",
    "min_val": 1.0,
    "max_val": 10.0,
    "score": 1.0,
    "created_date": "2023-08-04 06:12:07",
    "user_id": 2,
    "variable_display_name": "Days last remittance"
  },
  {
    "id": 85,
    "variable_name": "dayslastremittance",
    "bucket_number": 2,
    "bucket_label": "12,18",
    "min_val": 12.0,
    "max_val": 18.0,
    "score": 2.0,
    "created_date": "2023-08-04 06:13:12",
    "user_id": 2,
    "variable_display_name": "Days last remittance"
  },
  {
    "id": 86,
    "variable_name": "dayslastremittance",
    "bucket_number": 3,
    "bucket_label": "20,30",
    "min_val": 20.0,
    "max_val": 30.0,
    "score": 3.0,
    "created_date": "2023-08-04 06:13:42",
    "user_id": 2,
    "variable_display_name": "Days last remittance"
  },
  {
    "id": 87,
    "variable_name": "dayslastremittance",
    "bucket_number": 4,
    "bucket_label": "30,45",
    "min_val": 30.0,
    "max_val": 45.0,
    "score": 4.0,
    "created_date": "2023-08-04 06:14:12",
    "user_id": 2,
    "variable_display_name": "Days last remittance"
  },
  {
    "id": 88,
    "variable_name": "dayslastremittance",
    "bucket_number": 5,
    "bucket_label": "45,60",
    "min_val": 45.0,
    "max_val": 60.0,
    "score": 5.0,
    "created_date": "2023-08-04 06:14:39",
    "user_id": 2,
    "variable_display_name": "Days last remittance"
  },
  {
    "id": 89,
    "variable_name": "dayslastremittance",
    "bucket_number": 6,
    "bucket_label": "60,inf",
    "min_val": 60.0,
    "max_val": 600.0,
    "score": 6.0,
    "created_date": "2023-08-04 06:15:10",
    "user_id": 2,
    "variable_display_name": "Days last remittance"
  },
  {
    "id": 1,
    "variable_name": "transactionmonths",
    "bucket_number": 1,
    "bucket_label": "7,8",
    "min_val": 7.0,
    "max_val": 8.0,
    "score": 10.0,
    "created_date": "2023-07-31 17:38:43",
    "user_id": 2,
    "variable_display_name": "Transactions months"
  },
  {
    "id": 5,
    "variable_name": "transactionmonths",
    "bucket_number": 5,
    "bucket_label": "11,12",
    "min_val": 11.0,
    "max_val": 12.0,
    "score": 124.0,
    "created_date": "2023-07-31 17:42:40",
    "user_id": 2,
    "variable_display_name": "Transactions months"
  },
  {
    "id": 67,
    "variable_name": "remittancesent",
    "bucket_number": 2,
    "bucket_label": "1,1.25",
    "min_val": 1.0,
    "max_val": 1.25,
    "score": 13.0,
    "created_date": "2023-08-04 05:33:18",
    "user_id": 2,
    "variable_display_name": "Remittance sent"
  },
  {
    "id": 72,
    "variable_name": "remittancesent",
    "bucket_number": 7,
    "bucket_label": "2.25,2.5",
    "min_val": 2.25,
    "max_val": 2.5,
    "score": 28.0,
    "created_date": "2023-08-04 05:38:30",
    "user_id": 2,
    "variable_display_name": "Remittance sent"
  },
  {
    "id": 78,
    "variable_name": "remittancesent",
    "bucket_number": 13,
    "bucket_label": "3.75,4",
    "min_val": 3.75,
    "max_val": 4.0,
    "score": 47.0,
    "created_date": "2023-08-04 06:02:00",
    "user_id": 2,
    "variable_display_name": "Remittance sent"
  }
]