[
  {
    "id": 1,
    "variable_type": "string",
    "variable_name": "documenttype",
    "variable_source": "sponsor",
    "variable_value": "CEDULA",
    "variable_required": true,
    "description": "",
    "created_date": "2023-07-31 08:25:50",
    "user_id": 2,
    "variable_rule": "document =",
    "variable_display_name": "Tipo de Documento"
  },
  {
    "id": 2,
    "variable_type": "string",
    "variable_name": "nationality",
    "variable_source": "sponsor",
    "variable_value": "NICARAGUA",
    "variable_required": true,
    "description": "",
    "created_date": "2023-07-31 08:27:51",
    "user_id": 2,
    "variable_rule": "x =",
    "variable_display_name": "Nacionalidad"
  },
  {
    "id": 3,
    "variable_type": "integer",
    "variable_name": "min_months_as_client",
    "variable_source": "sponsor",
    "variable_value": "2",
    "variable_required": true,
    "description": "",
    "created_date": "2023-07-31 08:28:22",
    "user_id": 2,
    "variable_rule": "x>=",
    "variable_display_name": "Antig\u00fcedad Cliente Airpak"
  },
  {
    "id": 4,
    "variable_type": "integer",
    "variable_name": "min_monthly_tpn",
    "variable_source": "sponsor",
    "variable_value": "1",
    "variable_required": true,
    "description": "",
    "created_date": "2023-07-31 08:30:50",
    "user_id": 2,
    "variable_rule": "x>=",
    "variable_display_name": "Numero de Meses Remesas Recibidas"
  },
  {
    "id": 5,
    "variable_type": "integer",
    "variable_name": "min_ticket",
    "variable_source": "sponsor",
    "variable_value": "1",
    "variable_required": true,
    "description": "",
    "created_date": "2023-07-31 08:31:17",
    "user_id": 2,
    "variable_rule": null,
    "variable_display_name": "Monto Remesa Mensual Promedio"
  },
  {
    "id": 6,
    "variable_type": "integer",
    "variable_name": "max_days_last_remittance",
    "variable_source": "sponsor",
    "variable_value": "100000",
    "variable_required": true,
    "description": "",
    "created_date": "2023-07-31 08:31:49",
    "user_id": 2,
    "variable_rule": "x<=",
    "variable_display_name": "Ultima Remesa Recibida (D\u00edas)"
  },
  {
    "id": 7,
    "variable_type": "string",
    "variable_name": "clusters",
    "variable_source": "sponsor",
    "variable_value": "NI 4 Preferencial','NI 3 Alto Potencial','NI 2 Personal','NI 1 Pago Prolongado','NI 0 En Desarrollo",
    "variable_required": true,
    "description": "",
    "created_date": "2023-07-31 08:32:12",
    "user_id": 2,
    "variable_rule": "all",
    "variable_display_name": "Cluster"
  },
  {
    "id": 8,
    "variable_type": "integer",
    "variable_name": "max_dayspastdue",
    "variable_source": "sponsor",
    "variable_value": "0",
    "variable_required": true,
    "description": "",
    "created_date": "2023-07-31 08:33:06",
    "user_id": 2,
    "variable_rule": "x=",
    "variable_display_name": "D\u00edas Mora"
  },
  {
    "id": 9,
    "variable_type": "integer",
    "variable_name": "min_scorebureau",
    "variable_source": "Bureu",
    "variable_value": "1",
    "variable_required": true,
    "description": "",
    "created_date": "2023-07-31 08:35:12",
    "user_id": 2,
    "variable_rule": "score>=",
    "variable_display_name": "Puntaje M\u00ednimo Bureau"
  },
  {
    "id": 10,
    "variable_type": "integer",
    "variable_name": "edad_min",
    "variable_source": "sponsor",
    "variable_value": "1",
    "variable_required": true,
    "description": "",
    "created_date": "2023-07-31 08:35:43",
    "user_id": 2,
    "variable_rule": "x>=",
    "variable_display_name": "Edad M\u00ednima"
  },
  {
    "id": 11,
    "variable_type": "integer",
    "variable_name": "edad_max",
    "variable_source": "sponsor",
    "variable_value": "100",
    "variable_required": true,
    "description": "",
    "created_date": "2023-07-31 08:36:34",
    "user_id": 2,
    "variable_rule": "x<=",
    "variable_display_name": "Edad M\u00e1xima"
  },
  {
    "id": 12,
    "variable_type": "string",
    "variable_name": "cluster_bureau_passed",
    "variable_source": "Bureau",
    "variable_value": "NI 4 Preferencial','NI 3 Alto Potencial",
    "variable_required": true,
    "description": "",
    "created_date": "2023-08-02 06:25:57",
    "user_id": 2,
    "variable_rule": null,
    "variable_display_name": "Cluster - Condicion Bureau"
  },
  {
    "id": 13,
    "variable_type": "integer",
    "variable_name": "min_monthly_tpn_bureau",
    "variable_source": "Bureau",
    "variable_value": "1",
    "variable_required": true,
    "description": "",
    "created_date": "2023-08-02 06:26:49",
    "user_id": 2,
    "variable_rule": "=",
    "variable_display_name": "Numero de Meses Remesas Recibidas \u2013 Condici\u00f3n Bureau"
  },
  {
    "id": 14,
    "variable_type": "Integer",
    "variable_name": "min_months_as_client_bureau",
    "variable_source": "Bureau",
    "variable_value": "1",
    "variable_required": true,
    "description": "",
    "created_date": "2023-08-02 06:27:32",
    "user_id": 2,
    "variable_rule": "=",
    "variable_display_name": "Antig\u00fcedad Cliente \u2013 Condici\u00f3n Bureau"
  },
  {
    "id": 15,
    "variable_type": "Integer",
    "variable_name": "levelpastdue_f",
    "variable_source": "Bureau",
    "variable_value": "1",
    "variable_required": true,
    "description": "",
    "created_date": "2023-08-02 06:28:02",
    "user_id": 2,
    "variable_rule": "=",
    "variable_display_name": null
  },
  {
    "id": 16,
    "variable_type": "integer",
    "variable_name": "cutoff_value",
    "variable_source": "sponsor",
    "variable_value": "1",
    "variable_required": true,
    "description": "",
    "created_date": "2023-11-30 13:00:56",
    "user_id": 2,
    "variable_rule": "=",
    "variable_display_name": "Puntaje de Scorecards"
  },
  {
    "id": 17,
    "variable_type": "integer",
    "variable_name": "upper_cap_amount",
    "variable_source": "Sponsor",
    "variable_value": "100",
    "variable_required": true,
    "description": "",
    "created_date": "2023-11-30 13:27:55",
    "user_id": 2,
    "variable_rule": "Hasta =",
    "variable_display_name": "Monto M\u00e1ximo a aprobar"
  }
]